name,description,timestamp,begin,_end,altitudemode,tessellate,extrude,visibility,draworder,icon,id,bureaux,the_geom,cartodb_id,created_at,updated_at,cartodb_georef_status
,"<div class=""googft-info-window"">
<b>ID:</b> 623<br>
<b>Bureaux:</b> Thales near  Bs As,  Bs As,  Argentina
</div>",,,,,,,-1,,,623,"Thales near  Bs As,  Bs As,  Argentina",,43,2013-11-07 10:54:44.207973+00,2013-11-07 10:54:44.532715+00,false
,"<div class=""googft-info-window"">
<b>ID:</b> 40<br>
<b>Bureaux:</b> Thales near  Arcueil,  Région Parisienne,  France
</div>",,,,,,,-1,,,40,"Thales near  Arcueil,  Région Parisienne,  France",,9,2013-11-07 10:54:44.207973+00,2013-11-07 10:54:44.532715+00,false
,"<div class=""googft-info-window"">
<b>ID:</b> 185<br>
<b>Bureaux:</b> Thales near  Beijing,  Beijing,  China
</div>",,,,,,,-1,,,185,"Thales near  Beijing,  Beijing,  China",,21,2013-11-07 10:54:44.207973+00,2013-11-07 10:54:44.532715+00,false
,"<div class=""googft-info-window"">
<b>ID:</b> 525<br>
<b>Bureaux:</b> Thales near  Belgrade,  Belgrade,  Serbia
</div>",,,,,,,-1,,,525,"Thales near  Belgrade,  Belgrade,  Serbia",,24,2013-11-07 10:54:44.207973+00,2013-11-07 10:54:44.532715+00,false
,"<div class=""googft-info-window"">
<b>ID:</b> 546<br>
<b>Bureaux:</b> Thales near  Bendigo ,  Victoria,  Australia
</div>",,,,,,,-1,,,546,"Thales near  Bendigo ,  Victoria,  Australia",,27,2013-11-07 10:54:44.207973+00,2013-11-07 10:54:44.532715+00,false
,"<div class=""googft-info-window"">
<b>ID:</b> 469<br>
<b>Bureaux:</b> Thales near  Bergen,  Bergen,  Norway
</div>",,,,,,,-1,,,469,"Thales near  Bergen,  Bergen,  Norway",,28,2013-11-07 10:54:44.207973+00,2013-11-07 10:54:44.532715+00,false
,"<div class=""googft-info-window"">
<b>ID:</b> 68<br>
<b>Bureaux:</b> Thales near  Blagnac,  Sud Ouest,  France
</div>",,,,,,,-1,,,68,"Thales near  Blagnac,  Sud Ouest,  France",,33,2013-11-07 10:54:44.207973+00,2013-11-07 10:54:44.532715+00,false
,"<div class=""googft-info-window"">
<b>ID:</b> 42<br>
<b>Bureaux:</b> Thales near  Brétigny sur Orge,  Région Parisienne,  France
</div>",,,,,,,-1,,,42,"Thales near  Brétigny sur Orge,  Région Parisienne,  France",,37,2013-11-07 10:54:44.207973+00,2013-11-07 10:54:44.532715+00,false
,"<div class=""googft-info-window"">
<b>ID:</b> 105<br>
<b>Bureaux:</b> Thales near  Bristol,  South West,  United Kingdom
</div>",,,,,,,-1,,,105,"Thales near  Bristol,  South West,  United Kingdom",,40,2013-11-07 10:54:44.207973+00,2013-11-07 10:54:44.532715+00,false
,"<div class=""googft-info-window"">
<b>ID:</b> 523<br>
<b>Bureaux:</b> Thales near  Bucharest,  Bucharest,  Romania
</div>",,,,,,,-1,,,523,"Thales near  Bucharest,  Bucharest,  Romania",,44,2013-11-07 10:54:44.207973+00,2013-11-07 10:54:44.532715+00,false
,"<div class=""googft-info-window"">
<b>ID:</b> 654<br>
<b>Bureaux:</b> Thales near  Burnham,  Canterbury,  New Zealand
</div>",,,,,,,-1,,,654,"Thales near  Burnham,  Canterbury,  New Zealand",,48,2013-11-07 10:54:44.207973+00,2013-11-07 10:54:44.532715+00,false
,"<div class=""googft-info-window"">
<b>ID:</b> 113<br>
<b>Bureaux:</b> Thales near  Busher Road,  Thames Valley,  United Kingdom
</div>",,,,,,,-1,,,113,"Thales near  Busher Road,  Thames Valley,  United Kingdom",,50,2013-11-07 10:54:44.207973+00,2013-11-07 10:54:44.532715+00,false
,"<div class=""googft-info-window"">
<b>ID:</b> 188<br>
<b>Bureaux:</b> Thales near  Cairo,  Lower-Egypt,  Egypt
</div>",,,,,,,-1,,,188,"Thales near  Cairo,  Lower-Egypt,  Egypt",,51,2013-11-07 10:54:44.207973+00,2013-11-07 10:54:44.532715+00,false
,"<div class=""googft-info-window"">
<b>ID:</b> 248<br>
<b>Bureaux:</b> Thales near  Cannes,  PACA,  France
</div>",,,,,,,-1,,,248,"Thales near  Cannes,  PACA,  France",,55,2013-11-07 10:54:44.207973+00,2013-11-07 10:54:44.532715+00,false
,"<div class=""googft-info-window"">
<b>ID:</b> 44<br>
<b>Bureaux:</b> Thales near  Chatou,  Région Parisienne,  France
</div>",,,,,,,-1,,,44,"Thales near  Chatou,  Région Parisienne,  France",,65,2013-11-07 10:54:44.207973+00,2013-11-07 10:54:44.532715+00,false
,"<div class=""googft-info-window"">
<b>ID:</b> 45<br>
<b>Bureaux:</b> Thales near  Colombes,  Région Parisienne,  France
</div>",,,,,,,-1,,,45,"Thales near  Colombes,  Région Parisienne,  France",,72,2013-11-07 10:54:44.207973+00,2013-11-07 10:54:44.532715+00,false
,"<div class=""googft-info-window"">
<b>ID:</b> 553<br>
<b>Bureaux:</b> Thales near  Crib Point,  Victoria,  Australia
</div>",,,,,,,-1,,,553,"Thales near  Crib Point,  Victoria,  Australia",,77,2013-11-07 10:54:44.207973+00,2013-11-07 10:54:44.532715+00,false
,"<div class=""googft-info-window"">
<b>ID:</b> 555<br>
<b>Bureaux:</b> Thales near  Eden,  New South Wales,  Australia
</div>",,,,,,,-1,,,555,"Thales near  Eden,  New South Wales,  Australia",,88,2013-11-07 10:54:44.207973+00,2013-11-07 10:54:44.532715+00,false
,"<div class=""googft-info-window"">
<b>ID:</b> 47<br>
<b>Bureaux:</b> Thales near  Elancourt,  Région Parisienne,  France
</div>",,,,,,,-1,,,47,"Thales near  Elancourt,  Région Parisienne,  France",,93,2013-11-07 10:54:44.207973+00,2013-11-07 10:54:44.532715+00,false
,"<div class=""googft-info-window"">
<b>ID:</b> 84<br>
<b>Bureaux:</b> Thales near  Erith,  East Anglia,  United Kingdom
</div>",,,,,,,-1,,,84,"Thales near  Erith,  East Anglia,  United Kingdom",,94,2013-11-07 10:54:44.207973+00,2013-11-07 10:54:44.532715+00,false
,"<div class=""googft-info-window"">
<b>ID:</b> 489<br>
<b>Bureaux:</b> Thales near  Garden Island - NSW,  New South Wales,  Australia
</div>",,,,,,,-1,,,489,"Thales near  Garden Island - NSW,  New South Wales,  Australia",,102,2013-11-07 10:54:44.207973+00,2013-11-07 10:54:44.532715+00,false
,"<div class=""googft-info-window"">
<b>ID:</b> 558<br>
<b>Bureaux:</b> Thales near  Garden Island - WA,  Western Australia,  Australia
</div>",,,,,,,-1,,,558,"Thales near  Garden Island - WA,  Western Australia,  Australia",,103,2013-11-07 10:54:44.207973+00,2013-11-07 10:54:44.532715+00,false
,"<div class=""googft-info-window"">
<b>ID:</b> 390<br>
<b>Bureaux:</b> Thales near  Geneva,  Geneva,  Switzerland
</div>",,,,,,,-1,,,390,"Thales near  Geneva,  Geneva,  Switzerland",,104,2013-11-07 10:54:44.207973+00,2013-11-07 10:54:44.532715+00,false
,"<div class=""googft-info-window"">
<b>ID:</b> 430<br>
<b>Bureaux:</b> Thales near  Hengelo,  Overijssel,  Netherlands
</div>",,,,,,,-1,,,430,"Thales near  Hengelo,  Overijssel,  Netherlands",,114,2013-11-07 10:54:44.207973+00,2013-11-07 10:54:44.532715+00,false
,"<div class=""googft-info-window"">
<b>ID:</b> 423<br>
<b>Bureaux:</b> Thales near  Huizen,  North Holland,  Netherlands
</div>",,,,,,,-1,,,423,"Thales near  Huizen,  North Holland,  Netherlands",,118,2013-11-07 10:54:44.207973+00,2013-11-07 10:54:44.532715+00,false
,"<div class=""googft-info-window"">
<b>ID:</b> 199<br>
<b>Bureaux:</b> Thales near  Jakarta,  Territory of Jakarta,  Indonesia
</div>",,,,,,,-1,,,199,"Thales near  Jakarta,  Territory of Jakarta,  Indonesia",,123,2013-11-07 10:54:44.207973+00,2013-11-07 10:54:44.532715+00,false
,"<div class=""googft-info-window"">
<b>ID:</b> 51<br>
<b>Bureaux:</b> Thales near  Jouy en Josas,  Région Parisienne,  France
</div>",,,,,,,-1,,,51,"Thales near  Jouy en Josas,  Région Parisienne,  France",,125,2013-11-07 10:54:44.207973+00,2013-11-07 10:54:44.532715+00,false
,"<div class=""googft-info-window"">
<b>ID:</b> 636<br>
<b>Bureaux:</b> Thales near  Juaymah - Rahima,  Juaymah - Rahima,  Saudi Arabia
</div>",,,,,,,-1,,,636,"Thales near  Juaymah - Rahima,  Juaymah - Rahima,  Saudi Arabia",,126,2013-11-07 10:54:44.207973+00,2013-11-07 10:54:44.532715+00,false
,"<div class=""googft-info-window"">
<b>ID:</b> 631<br>
<b>Bureaux:</b> Thales near  Jubial,  Jubial,  Saudi Arabia
</div>",,,,,,,-1,,,631,"Thales near  Jubial,  Jubial,  Saudi Arabia",,127,2013-11-07 10:54:44.207973+00,2013-11-07 10:54:44.532715+00,false
,"<div class=""googft-info-window"">
<b>ID:</b> 630<br>
<b>Bureaux:</b> Thales near  Khobar,  Khobar,  Saudi Arabia
</div>",,,,,,,-1,,,630,"Thales near  Khobar,  Khobar,  Saudi Arabia",,128,2013-11-07 10:54:44.207973+00,2013-11-07 10:54:44.532715+00,false
,"<div class=""googft-info-window"">
<b>ID:</b> 191<br>
<b>Bureaux:</b> Thales near  Koropi-Athens,  Attica,  Greece
</div>",,,,,,,-1,,,191,"Thales near  Koropi-Athens,  Attica,  Greece",,133,2013-11-07 10:54:44.207973+00,2013-11-07 10:54:44.532715+00,false
,"<div class=""googft-info-window"">
<b>ID:</b> 85<br>
<b>Bureaux:</b> Thales near  Leicester,  East Midlands,  United Kingdom
</div>",,,,,,,-1,,,85,"Thales near  Leicester,  East Midlands,  United Kingdom",,143,2013-11-07 10:54:44.207973+00,2013-11-07 10:54:44.532715+00,false
,"<div class=""googft-info-window"">
<b>ID:</b> 54<br>
<b>Bureaux:</b> Thales near  Limours,  Région Parisienne,  France
</div>",,,,,,,-1,,,54,"Thales near  Limours,  Région Parisienne,  France",,146,2013-11-07 10:54:44.207973+00,2013-11-07 10:54:44.532715+00,false
,"<div class=""googft-info-window"">
<b>ID:</b> 222<br>
<b>Bureaux:</b> Thales near  Luchthaven Schiphol,  North Holland,  Netherlands
</div>",,,,,,,-1,,,222,"Thales near  Luchthaven Schiphol,  North Holland,  Netherlands",,154,2013-11-07 10:54:44.207973+00,2013-11-07 10:54:44.532715+00,false
,"<div class=""googft-info-window"">
<b>ID:</b> 675<br>
<b>Bureaux:</b> Thales near  Maison-Laffite,  Région Parisienne,  France
</div>",,,,,,,-1,,,675,"Thales near  Maison-Laffite,  Région Parisienne,  France",,157,2013-11-07 10:54:44.207973+00,2013-11-07 10:54:44.532715+00,false
,"<div class=""googft-info-window"">
<b>ID:</b> 564<br>
<b>Bureaux:</b> Thales near  Managalore ,  Victoria,  Australia
</div>",,,,,,,-1,,,564,"Thales near  Managalore ,  Victoria,  Australia",,160,2013-11-07 10:54:44.207973+00,2013-11-07 10:54:44.532715+00,false
,"<div class=""googft-info-window"">
<b>ID:</b> 565<br>
<b>Bureaux:</b> Thales near  Mascot ,  New South Wales,  Australia
</div>",,,,,,,-1,,,565,"Thales near  Mascot ,  New South Wales,  Australia",,162,2013-11-07 10:54:44.207973+00,2013-11-07 10:54:44.532715+00,false
,"<div class=""googft-info-window"">
<b>ID:</b> 56<br>
<b>Bureaux:</b> Thales near  Massy,  Région Parisienne,  France
</div>",,,,,,,-1,,,56,"Thales near  Massy,  Région Parisienne,  France",,163,2013-11-07 10:54:44.207973+00,2013-11-07 10:54:44.532715+00,false
,"<div class=""googft-info-window"">
<b>ID:</b> 57<br>
<b>Bureaux:</b> Thales near  Méru,  Région Parisienne,  France
</div>",,,,,,,-1,,,57,"Thales near  Méru,  Région Parisienne,  France",,165,2013-11-07 10:54:44.207973+00,2013-11-07 10:54:44.532715+00,false
,"<div class=""googft-info-window"">
<b>ID:</b> 58<br>
<b>Bureaux:</b> Thales near  Meudon la Forêt,  Région Parisienne,  France
</div>",,,,,,,-1,,,58,"Thales near  Meudon la Forêt,  Région Parisienne,  France",,166,2013-11-07 10:54:44.207973+00,2013-11-07 10:54:44.532715+00,false
,"<div class=""googft-info-window"">
<b>ID:</b> 75<br>
<b>Bureaux:</b> Thales near  Moirans,  Rhône-Alpes,  France
</div>",,,,,,,-1,,,75,"Thales near  Moirans,  Rhône-Alpes,  France",,172,2013-11-07 10:54:44.207973+00,2013-11-07 10:54:44.532715+00,false
,"<div class=""googft-info-window"">
<b>ID:</b> 567<br>
<b>Bureaux:</b> Thales near  Mulwala ,  New South Wales,  Australia
</div>",,,,,,,-1,,,567,"Thales near  Mulwala ,  New South Wales,  Australia",,177,2013-11-07 10:54:44.207973+00,2013-11-07 10:54:44.532715+00,false
,"<div class=""googft-info-window"">
<b>ID:</b> 570<br>
<b>Bureaux:</b> Thales near  North Ryde,  New South Wales,  Australia
</div>",,,,,,,-1,,,570,"Thales near  North Ryde,  New South Wales,  Australia",,187,2013-11-07 10:54:44.207973+00,2013-11-07 10:54:44.532715+00,false
,"<div class=""googft-info-window"">
<b>ID:</b> 91<br>
<b>Bureaux:</b> Thales near  Northampton,  Midlands,  United Kingdom
</div>",,,,,,,-1,,,91,"Thales near  Northampton,  Midlands,  United Kingdom",,188,2013-11-07 10:54:44.207973+00,2013-11-07 10:54:44.532715+00,false
,"<div class=""googft-info-window"">
<b>ID:</b> 86<br>
<b>Bureaux:</b> Thales near  Norwich,  East Midlands,  United Kingdom
</div>",,,,,,,-1,,,86,"Thales near  Norwich,  East Midlands,  United Kingdom",,189,2013-11-07 10:54:44.207973+00,2013-11-07 10:54:44.532715+00,false
,"<div class=""googft-info-window"">
<b>ID:</b> 571<br>
<b>Bureaux:</b> Thales near  Oakey,  Queensland,  Australia
</div>",,,,,,,-1,,,571,"Thales near  Oakey,  Queensland,  Australia",,192,2013-11-07 10:54:44.207973+00,2013-11-07 10:54:44.532715+00,false
,"<div class=""googft-info-window"">
<b>ID:</b> 597<br>
<b>Bureaux:</b> Thales near  Oran,  Oran,  Algeria
</div>",,,,,,,-1,,,597,"Thales near  Oran,  Oran,  Algeria",,193,2013-11-07 10:54:44.207973+00,2013-11-07 10:54:44.532715+00,false
,"<div class=""googft-info-window"">
<b>ID:</b> 226<br>
<b>Bureaux:</b> Thales near  Oslo,  Ostlandet,  Norway
</div>",,,,,,,-1,,,226,"Thales near  Oslo,  Ostlandet,  Norway",,196,2013-11-07 10:54:44.207973+00,2013-11-07 10:54:44.532715+00,false
,"<div class=""googft-info-window"">
<b>ID:</b> 672<br>
<b>Bureaux:</b> Thales near  Paco de Arços,  Greater Lisbon,  Portugal
</div>",,,,,,,-1,,,672,"Thales near  Paco de Arços,  Greater Lisbon,  Portugal",,200,2013-11-07 10:54:44.207973+00,2013-11-07 10:54:44.532715+00,false
,"<div class=""googft-info-window"">
<b>ID:</b> 460<br>
<b>Bureaux:</b> Thales near  Palaiseau,  Région Parisienne,  France
</div>",,,,,,,-1,,,460,"Thales near  Palaiseau,  Région Parisienne,  France",,201,2013-11-07 10:54:44.207973+00,2013-11-07 10:54:44.532715+00,false
,"<div class=""googft-info-window"">
<b>ID:</b> 71<br>
<b>Bureaux:</b> Thales near  Pessac,  Sud Ouest,  France
</div>",,,,,,,-1,,,71,"Thales near  Pessac,  Sud Ouest,  France",,205,2013-11-07 10:54:44.207973+00,2013-11-07 10:54:44.532715+00,false
,"<div class=""googft-info-window"">
<b>ID:</b> 483<br>
<b>Bureaux:</b> Thales near  PoznaD,  PoznaD,  Poland
</div>",,,,,,,-1,,,483,"Thales near  PoznaD,  PoznaD,  Poland",,211,2013-11-07 10:54:44.207973+00,2013-11-07 10:54:44.532715+00,false
,"<div class=""googft-info-window"">
<b>ID:</b> 114<br>
<b>Bureaux:</b> Thales near  Reading,  Thames Valley,  United Kingdom
</div>",,,,,,,-1,,,114,"Thales near  Reading,  Thames Valley,  United Kingdom",,222,2013-11-07 10:54:44.207973+00,2013-11-07 10:54:44.532715+00,false
,"<div class=""googft-info-window"">
<b>ID:</b> 87<br>
<b>Bureaux:</b> Thales near  Rugby,  East Midlands,  United Kingdom
</div>",,,,,,,-1,,,87,"Thales near  Rugby,  East Midlands,  United Kingdom",,230,2013-11-07 10:54:44.207973+00,2013-11-07 10:54:44.532715+00,false
,"<div class=""googft-info-window"">
<b>ID:</b> 66<br>
<b>Bureaux:</b> Thales near  Rungis,  Région Parisienne,  France
</div>",,,,,,,-1,,,66,"Thales near  Rungis,  Région Parisienne,  France",,231,2013-11-07 10:54:44.207973+00,2013-11-07 10:54:44.532715+00,false
,"<div class=""googft-info-window"">
<b>ID:</b> 182<br>
<b>Bureaux:</b> Thales near  Santiago,  Metropolitan Region,  Chile
</div>",,,,,,,-1,,,182,"Thales near  Santiago,  Metropolitan Region,  Chile",,240,2013-11-07 10:54:44.207973+00,2013-11-07 10:54:44.532715+00,false
,"<div class=""googft-info-window"">
<b>ID:</b> 533<br>
<b>Bureaux:</b> Thales near  Shangai,  Shangai,  China
</div>",,,,,,,-1,,,533,"Thales near  Shangai,  Shangai,  China",,243,2013-11-07 10:54:44.207973+00,2013-11-07 10:54:44.532715+00,false
,"<div class=""googft-info-window"">
<b>ID:</b> 396<br>
<b>Bureaux:</b> Thales near  Siegburg,  Nordrhein-Westfalen,  Germany
</div>",,,,,,,-1,,,396,"Thales near  Siegburg,  Nordrhein-Westfalen,  Germany",,245,2013-11-07 10:54:44.207973+00,2013-11-07 10:54:44.532715+00,false
,"<div class=""googft-info-window"">
<b>ID:</b> 507<br>
<b>Bureaux:</b> Thales near  Sofia,  Sofia,  Bulgaria
</div>",,,,,,,-1,,,507,"Thales near  Sofia,  Sofia,  Bulgaria",,248,2013-11-07 10:54:44.207973+00,2013-11-07 10:54:44.532715+00,false
,"<div class=""googft-info-window"">
<b>ID:</b> 238<br>
<b>Bureaux:</b> Thales near  Stockport,  North West,  United Kingdom
</div>",,,,,,,-1,,,238,"Thales near  Stockport,  North West,  United Kingdom",,255,2013-11-07 10:54:44.207973+00,2013-11-07 10:54:44.532715+00,false
,"<div class=""googft-info-window"">
<b>ID:</b> 649<br>
<b>Bureaux:</b> Thales near  Stoneham,  Massachusetts,  United States
</div>",,,,,,,-1,,,649,"Thales near  Stoneham,  Massachusetts,  United States",,256,2013-11-07 10:54:44.207973+00,2013-11-07 10:54:44.532715+00,false
,"<div class=""googft-info-window"">
<b>ID:</b> 76<br>
<b>Bureaux:</b> Thales near  Thonon,  Rhône-Alpes,  France
</div>",,,,,,,-1,,,76,"Thales near  Thonon,  Rhône-Alpes,  France",,261,2013-11-07 10:54:44.207973+00,2013-11-07 10:54:44.532715+00,false
,"<div class=""googft-info-window"">
<b>ID:</b> 663<br>
<b>Bureaux:</b> Thales near  Thorney Island,  Hampshire,  United Kingdom
</div>",,,,,,,-1,,,663,"Thales near  Thorney Island,  Hampshire,  United Kingdom",,262,2013-11-07 10:54:44.207973+00,2013-11-07 10:54:44.532715+00,false
,"<div class=""googft-info-window"">
<b>ID:</b> 417<br>
<b>Bureaux:</b> Thales near  Torino,  Piemonte,  Italy
</div>",,,,,,,-1,,,417,"Thales near  Torino,  Piemonte,  Italy",,266,2013-11-07 10:54:44.207973+00,2013-11-07 10:54:44.532715+00,false
,"<div class=""googft-info-window"">
<b>ID:</b> 214<br>
<b>Bureaux:</b> Thales near  Tripoli,  Lybia,  Libya
</div>",,,,,,,-1,,,214,"Thales near  Tripoli,  Lybia,  Libya",,274,2013-11-07 10:54:44.207973+00,2013-11-07 10:54:44.532715+00,false
,"<div class=""googft-info-window"">
<b>ID:</b> 245<br>
<b>Bureaux:</b> Thales near  Ulm,  Baden-Württemberg,  Germany
</div>",,,,,,,-1,,,245,"Thales near  Ulm,  Baden-Württemberg,  Germany",,277,2013-11-07 10:54:44.207973+00,2013-11-07 10:54:44.532715+00,false
,"<div class=""googft-info-window"">
<b>ID:</b> 67<br>
<b>Bureaux:</b> Thales near  Vélizy,  Région Parisienne,  France
</div>",,,,,,,-1,,,67,"Thales near  Vélizy,  Région Parisienne,  France",,282,2013-11-07 10:54:44.207973+00,2013-11-07 10:54:44.532715+00,false
,"<div class=""googft-info-window"">
<b>ID:</b> 402<br>
<b>Bureaux:</b> Thales near  Walldorf,  Hessen,  Germany
</div>",,,,,,,-1,,,402,"Thales near  Walldorf,  Hessen,  Germany",,290,2013-11-07 10:54:44.207973+00,2013-11-07 10:54:44.532715+00,false
,"<div class=""googft-info-window"">
<b>ID:</b> 642<br>
<b>Bureaux:</b> Thales near  Yorkshire,  Yorkshire,  United Kingdom
</div>",,,,,,,-1,,,642,"Thales near  Yorkshire,  Yorkshire,  United Kingdom",,303,2013-11-07 10:54:44.207973+00,2013-11-07 10:54:44.532715+00,false
,"<div class=""googft-info-window"">
<b>ID:</b> 514<br>
<b>Bureaux:</b> Thales near  Zagreb,  Zagreb,  Croatia
</div>",,,,,,,-1,,,514,"Thales near  Zagreb,  Zagreb,  Croatia",,304,2013-11-07 10:54:44.207973+00,2013-11-07 10:54:44.532715+00,false
,"<div class=""googft-info-window"">
<b>ID:</b> 236<br>
<b>Bureaux:</b> Thales near  Abbey Wood - Bristol,  South East,  United Kingdom
</div>",,,,,,,-1,,,236,"Thales near  Abbey Wood - Bristol,  South East,  United Kingdom",0101000020E61000002C346B84D97F04C020A9CF1FE4C04940,1,2013-11-07 10:54:44.207973+00,2013-11-07 10:58:06.950124+00,true
,"<div class=""googft-info-window"">
<b>ID:</b> 535<br>
<b>Bureaux:</b> Thales near  Abu Dhabi,  Abu Dhabi,  United Arab Emirates
</div>",,,,,,,-1,,,535,"Thales near  Abu Dhabi,  Abu Dhabi,  United Arab Emirates",0101000020E61000003465A71FD43B4B40D8ADAFBF36683840,2,2013-11-07 10:54:44.207973+00,2013-11-07 10:58:06.950124+00,true
,"<div class=""googft-info-window"">
<b>ID:</b> 237<br>
<b>Bureaux:</b> Thales near  Addlestone,  Surrey,  United Kingdom
</div>",,,,,,,-1,,,237,"Thales near  Addlestone,  Surrey,  United Kingdom",0101000020E6100000E2B034F0A31AE0BF49CF3EA07DAE4940,3,2013-11-07 10:54:44.207973+00,2013-11-07 10:58:06.950124+00,true
,"<div class=""googft-info-window"">
<b>ID:</b> 78<br>
<b>Bureaux:</b> Thales near  Aix,  PACA,  France
</div>",,,,,,,-1,,,78,"Thales near  Aix,  PACA,  France",0101000020E61000002B195B632B130140B871304047A64640,4,2013-11-07 10:54:44.207973+00,2013-11-07 10:58:06.950124+00,true
,"<div class=""googft-info-window"">
<b>ID:</b> 169<br>
<b>Bureaux:</b> Thales near  Algiers,  Algiers,  Algeria
</div>",,,,,,,-1,,,169,"Thales near  Algiers,  Algiers,  Algeria",0101000020E6100000F26D0BE0F78256C02C29779FE3F13D40,5,2013-11-07 10:54:44.207973+00,2013-11-07 10:58:06.950124+00,true
,"<div class=""googft-info-window"">
<b>ID:</b> 544<br>
<b>Bureaux:</b> Thales near  Amberley ,  Queensland,  Australia
</div>",,,,,,,-1,,,544,"Thales near  Amberley ,  Queensland,  Australia",0101000020E6100000B2DAFCBFEA156340737F9AFFFCA33BC0,6,2013-11-07 10:54:44.207973+00,2013-11-07 10:58:06.950124+00,true
,"<div class=""googft-info-window"">
<b>ID:</b> 445<br>
<b>Bureaux:</b> Thales near  Antequera,  Malaga,  Spain
</div>",,,,,,,-1,,,445,"Thales near  Antequera,  Malaga,  Spain",0101000020E61000005019FF3EE33212C0F5E3E59FCF5A4240,7,2013-11-07 10:54:44.207973+00,2013-11-07 10:58:06.950124+00,true
,"<div class=""googft-info-window"">
<b>ID:</b> 592<br>
<b>Bureaux:</b> Thales near  Antwerpen,  Vlanderen,  Belgium
</div>",,,,,,,-1,,,592,"Thales near  Antwerpen,  Vlanderen,  Belgium",0101000020E61000006FBD01C177C61140C3B3A95F8E994940,8,2013-11-07 10:54:44.207973+00,2013-11-07 10:58:06.950124+00,true
,"<div class=""googft-info-window"">
<b>ID:</b> 648<br>
<b>Bureaux:</b> Thales near  Arlington,  Virginia,  United States
</div>",,,,,,,-1,,,648,"Thales near  Arlington,  Virginia,  United States",0101000020E6100000566133C0854553C0E4DE5740FC714340,10,2013-11-07 10:54:44.207973+00,2013-11-07 10:58:06.950124+00,true
,"<div class=""googft-info-window"">
<b>ID:</b> 399<br>
<b>Bureaux:</b> Thales near  Arnstadt,  Thüringen,  Germany
</div>",,,,,,,-1,,,399,"Thales near  Arnstadt,  Thüringen,  Germany",0101000020E6100000648918C0A5E5254073ECEA9FF16A4940,11,2013-11-07 10:54:44.207973+00,2013-11-07 10:58:06.950124+00,true
,"<div class=""googft-info-window"">
<b>ID:</b> 250<br>
<b>Bureaux:</b> Thales near  Aubagne,  PACA,  France
</div>",,,,,,,-1,,,250,"Thales near  Aubagne,  PACA,  France",0101000020E6100000D6F0E31E010A15401D5C959FAF204640,12,2013-11-07 10:54:44.207973+00,2013-11-07 10:58:06.950124+00,true
,"<div class=""googft-info-window"">
<b>ID:</b> 640<br>
<b>Bureaux:</b> Thales near  Auckland,  Auckland,  New Zealand
</div>",,,,,,,-1,,,640,"Thales near  Auckland,  Auckland,  New Zealand",0101000020E610000091F3FE3F0ED86540C9E30E400F7242C0,13,2013-11-07 10:54:44.207973+00,2013-11-07 10:58:06.950124+00,true
,"<div class=""googft-info-window"">
<b>ID:</b> 112<br>
<b>Bureaux:</b> Thales near  Aylesbury,  Thames Valley,  United Kingdom
</div>",,,,,,,-1,,,112,"Thales near  Aylesbury,  Thames Valley,  United Kingdom",0101000020E61000009413ED2AA4FCE9BF6B84D95FD1E84940,14,2013-11-07 10:54:44.207973+00,2013-11-07 10:58:06.950124+00,true
,"<div class=""googft-info-window"">
<b>ID:</b> 122<br>
<b>Bureaux:</b> Thales near  Bad Hersfeld,  Hessen,  Germany
</div>",,,,,,,-1,,,122,"Thales near  Bad Hersfeld,  Hessen,  Germany",0101000020E61000004212AC600A6D234065315640466F4940,15,2013-11-07 10:54:44.207973+00,2013-11-07 10:58:06.950124+00,true
,"<div class=""googft-info-window"">
<b>ID:</b> 41<br>
<b>Bureaux:</b> Thales near  Bagneux,  Région Parisienne,  France
</div>",,,,,,,-1,,,41,"Thales near  Bagneux,  Région Parisienne,  France",0101000020E61000007A53910A630BFC3F901C9F7F71974740,16,2013-11-07 10:54:44.207973+00,2013-11-07 10:58:06.950124+00,true
,"<div class=""googft-info-window"">
<b>ID:</b> 674<br>
<b>Bureaux:</b> Thales near  Bangalore,  Karnataka,  India
</div>",,,,,,,-1,,,674,"Thales near  Bangalore,  Karnataka,  India",0101000020E6100000A165DD3F16205340E877503F5E1A2840,17,2013-11-07 10:54:44.207973+00,2013-11-07 10:58:06.950124+00,true
,"<div class=""googft-info-window"">
<b>ID:</b> 449<br>
<b>Bureaux:</b> Thales near  Barcelona,  Barcelona,  Spain
</div>",,,,,,,-1,,,449,"Thales near  Barcelona,  Barcelona,  Spain",0101000020E61000008AA658DA4E7001409BA84A00A3AF4440,18,2013-11-07 10:54:44.207973+00,2013-11-07 10:58:06.950124+00,true
,"<div class=""googft-info-window"">
<b>ID:</b> 615<br>
<b>Bureaux:</b> Thales near  Barracas,  Capital Federal,  Argentina
</div>",,,,,,,-1,,,615,"Thales near  Barracas,  Capital Federal,  Argentina",0101000020E610000097B3D2FFCD314DC0D4FF28A03F5341C0,19,2013-11-07 10:54:44.207973+00,2013-11-07 10:58:06.950124+00,true
,"<div class=""googft-info-window"">
<b>ID:</b> 98<br>
<b>Bureaux:</b> Thales near  Basingstoke,  South East,  United Kingdom
</div>",,,,,,,-1,,,98,"Thales near  Basingstoke,  South East,  United Kingdom",0101000020E6100000226C787AA52CF1BFE98CDE5FF3A14940,20,2013-11-07 10:54:44.207973+00,2013-11-07 10:58:06.950124+00,true
,"<div class=""googft-info-window"">
<b>ID:</b> 210<br>
<b>Bureaux:</b> Thales near  Beirut,  Lebanon,  Lebanon
</div>",,,,,,,-1,,,210,"Thales near  Beirut,  Lebanon,  Lebanon",0101000020E61000009A67DB1FDEC041407BFC3960B2F24040,22,2013-11-07 10:54:44.207973+00,2013-11-07 10:58:06.950124+00,true
,"<div class=""googft-info-window"">
<b>ID:</b> 95<br>
<b>Bureaux:</b> Thales near  Belfast,  Northern Ireland,  United Kingdom
</div>",,,,,,,-1,,,95,"Thales near  Belfast,  Northern Ireland,  United Kingdom",0101000020E6100000EC3598E19AD617C01CF80780E04B4B40,23,2013-11-07 10:54:44.207973+00,2013-11-07 10:58:06.950124+00,true
,"<div class=""googft-info-window"">
<b>ID:</b> 601<br>
<b>Bureaux:</b> Thales near  Belville,  Western Cape,  South Africa
</div>",,,,,,,-1,,,601,"Thales near  Belville,  Western Cape,  South Africa",0101000020E610000042380B20219F32407468476062F340C0,25,2013-11-07 10:54:44.207973+00,2013-11-07 10:58:06.950124+00,true
,"<div class=""googft-info-window"">
<b>ID:</b> 545<br>
<b>Bureaux:</b> Thales near  Benalla,  Victoria,  Australia
</div>",,,,,,,-1,,,545,"Thales near  Benalla,  Victoria,  Australia",0101000020E61000004B71FA1F853F6240DE44E33F934642C0,26,2013-11-07 10:54:44.207973+00,2013-11-07 10:58:06.950124+00,true
,"<div class=""googft-info-window"">
<b>ID:</b> 400<br>
<b>Bureaux:</b> Thales near  Berlin,  Berlin-Brandenburg,  Germany
</div>",,,,,,,-1,,,400,"Thales near  Berlin,  Berlin-Brandenburg,  Germany",0101000020E6100000FC77D89F9F5354C0A680B4FF01D74040,29,2013-11-07 10:54:44.207973+00,2013-11-07 10:58:06.950124+00,true
,"<div class=""googft-info-window"">
<b>ID:</b> 497<br>
<b>Bureaux:</b> Thales near  Berlin,  Berlin,  Germany
</div>",,,,,,,-1,,,497,"Thales near  Berlin,  Berlin,  Germany",0101000020E61000004381881E42EA2A40B05EA0FF794C4A40,30,2013-11-07 10:54:44.207973+00,2013-11-07 10:58:06.950124+00,true
,"<div class=""googft-info-window"">
<b>ID:</b> 457<br>
<b>Bureaux:</b> Thales near  Bilbao,  Bilbao,  Spain
</div>",,,,,,,-1,,,457,"Thales near  Bilbao,  Bilbao,  Spain",0101000020E61000006FBBD05CA79107C098C8602063A24540,31,2013-11-07 10:54:44.207973+00,2013-11-07 10:58:06.950124+00,true
,"<div class=""googft-info-window"">
<b>ID:</b> 116<br>
<b>Bureaux:</b> Thales near  Birmingham,  West Midlands,  United Kingdom
</div>",,,,,,,-1,,,116,"Thales near  Birmingham,  West Midlands,  United Kingdom",0101000020E610000049F4328AE556FFBFCECFC3BFBE354A40,32,2013-11-07 10:54:44.207973+00,2013-11-07 10:58:06.950124+00,true
,"<div class=""googft-info-window"">
<b>ID:</b> 69<br>
<b>Bureaux:</b> Thales near  Bordeaux,  Sud Ouest,  France
</div>",,,,,,,-1,,,69,"Thales near  Bordeaux,  Sud Ouest,  France",0101000020E6100000963E74417D4BE3BFBFD9418067694640,34,2013-11-07 10:54:44.207973+00,2013-11-07 10:58:06.950124+00,true
,"<div class=""googft-info-window"">
<b>ID:</b> 502<br>
<b>Bureaux:</b> Thales near  Bratislava,  Bratislava,  Slovakia
</div>",,,,,,,-1,,,502,"Thales near  Bratislava,  Bratislava,  Slovakia",0101000020E6100000BCF957A027213140971DE21FB6154840,35,2013-11-07 10:54:44.207973+00,2013-11-07 10:58:06.950124+00,true
,"<div class=""googft-info-window"">
<b>ID:</b> 29<br>
<b>Bureaux:</b> Thales near  Brest,  Bretagne,  France
</div>",,,,,,,-1,,,29,"Thales near  Brest,  Bretagne,  France",0101000020E610000056A824A1E3F111C0A13C3D00F3314840,36,2013-11-07 10:54:44.207973+00,2013-11-07 10:58:06.950124+00,true
,"<div class=""googft-info-window"">
<b>ID:</b> 99<br>
<b>Bureaux:</b> Thales near  Brighton,  South East,  United Kingdom
</div>",,,,,,,-1,,,99,"Thales near  Brighton,  South East,  United Kingdom",0101000020E6100000451B36806DCB13C03F17B25F1C2D4940,38,2013-11-07 10:54:44.207973+00,2013-11-07 10:58:06.950124+00,true
,"<div class=""googft-info-window"">
<b>ID:</b> 547<br>
<b>Bureaux:</b> Thales near  Brisbane Airport   ,  Queensland,  Australia
</div>",,,,,,,-1,,,547,"Thales near  Brisbane Airport   ,  Queensland,  Australia",0101000020E61000003F840200D1236340F6DD639FB6623BC0,39,2013-11-07 10:54:44.207973+00,2013-11-07 10:58:06.950124+00,true
,"<div class=""googft-info-window"">
<b>ID:</b> 70<br>
<b>Bureaux:</b> Thales near  Brive la gaillarde,  Sud Ouest,  France
</div>",,,,,,,-1,,,70,"Thales near  Brive la gaillarde,  Sud Ouest,  France",0101000020E6100000DD0720B58993F83FF4A5B73F17944640,41,2013-11-07 10:54:44.207973+00,2013-11-07 10:58:06.950124+00,true
,"<div class=""googft-info-window"">
<b>ID:</b> 176<br>
<b>Bureaux:</b> Thales near  Brussels-Capital,  Brussels,  Belgium
</div>",,,,,,,-1,,,176,"Thales near  Brussels-Capital,  Brussels,  Belgium",0101000020E61000003246DA7C126611401EC6A4BF976C4940,42,2013-11-07 10:54:44.207973+00,2013-11-07 10:58:06.950124+00,true
,"<div class=""googft-info-window"">
<b>ID:</b> 516<br>
<b>Bureaux:</b> Thales near  Budapest,  Budapest,  Hungary
</div>",,,,,,,-1,,,516,"Thales near  Budapest,  Budapest,  Hungary",0101000020E61000004753E2DF0C0733407E9BB45F2DB64740,45,2013-11-07 10:54:44.207973+00,2013-11-07 10:58:06.950124+00,true
,"<div class=""googft-info-window"">
<b>ID:</b> 173<br>
<b>Bureaux:</b> Thales near  Buenos Aires,  Buenos Aires,  Argentina
</div>",,,,,,,-1,,,173,"Thales near  Buenos Aires,  Buenos Aires,  Argentina",0101000020E6100000D04B20802F374DC0E3A029E0434B41C0,46,2013-11-07 10:54:44.207973+00,2013-11-07 10:58:06.950124+00,true
,"<div class=""googft-info-window"">
<b>ID:</b> 385<br>
<b>Bureaux:</b> Thales near  Burnaby,  British Columbia,  Canada
</div>",,,,,,,-1,,,385,"Thales near  Burnaby,  British Columbia,  Canada",0101000020E61000009D1E25C07AC15EC0F47C1700F4A24840,47,2013-11-07 10:54:44.207973+00,2013-11-07 10:58:06.950124+00,true
,"<div class=""googft-info-window"">
<b>ID:</b> 100<br>
<b>Bureaux:</b> Thales near  Bury St Edmunds,  South East,  United Kingdom
</div>",,,,,,,-1,,,100,"Thales near  Bury St Edmunds,  South East,  United Kingdom",0101000020E6100000E447A1D1C2CAEA3FA2105C40C31D4A40,49,2013-11-07 10:54:44.207973+00,2013-11-07 10:58:06.950124+00,true
,"<div class=""googft-info-window"">
<b>ID:</b> 643<br>
<b>Bureaux:</b> Thales near  Cambridge,  Cambridgeshire,  United Kingdom
</div>",,,,,,,-1,,,643,"Thales near  Cambridge,  Cambridgeshire,  United Kingdom",0101000020E610000076711B0DE02DC23FC558A65F22194A40,52,2013-11-07 10:54:44.207973+00,2013-11-07 10:58:06.950124+00,true
,"<div class=""googft-info-window"">
<b>ID:</b> 548<br>
<b>Bureaux:</b> Thales near  Campbell,  Australian Capital Territory,  Australia
</div>",,,,,,,-1,,,548,"Thales near  Campbell,  Australian Capital Territory,  Australia",0101000020E6100000FFC4122014A5624005F23680C8A541C0,53,2013-11-07 10:54:44.207973+00,2013-11-07 10:58:06.950124+00,true
,"<div class=""googft-info-window"">
<b>ID:</b> 419<br>
<b>Bureaux:</b> Thales near  Campi Bisenzio (FI),  Toscana,  Italy
</div>",,,,,,,-1,,,419,"Thales near  Campi Bisenzio (FI),  Toscana,  Italy",0101000020E61000004BC0F91E3F492640B2AE1B00BBE94540,54,2013-11-07 10:54:44.207973+00,2013-11-07 10:58:06.950124+00,true
,"<div class=""googft-info-window"">
<b>ID:</b> 621<br>
<b>Bureaux:</b> Thales near  Capital Federal,  Capital Federal,  Argentina
</div>",,,,,,,-1,,,621,"Thales near  Capital Federal,  Capital Federal,  Argentina",0101000020E6100000FFC1D19F47374DC08D1315600E5241C0,56,2013-11-07 10:54:44.207973+00,2013-11-07 10:58:06.950124+00,true
,"<div class=""googft-info-window"">
<b>ID:</b> 470<br>
<b>Bureaux:</b> Thales near  Caracas,  Caracas,  Venezuela
</div>",,,,,,,-1,,,470,"Thales near  Caracas,  Caracas,  Venezuela",0101000020E610000084C8D8BFA1B950C031009EFEFD032540,57,2013-11-07 10:54:44.207973+00,2013-11-07 10:58:06.950124+00,true
,"<div class=""googft-info-window"">
<b>ID:</b> 30<br>
<b>Bureaux:</b> Thales near  Carquefou,  Pays de la Loire,  France
</div>",,,,,,,-1,,,30,"Thales near  Carquefou,  Pays de la Loire,  France",0101000020E61000004A2AAE85B4C1F7BFB00C608033A64740,58,2013-11-07 10:54:44.207973+00,2013-11-07 10:58:06.950124+00,true
,"<div class=""googft-info-window"">
<b>ID:</b> 569<br>
<b>Bureaux:</b> Thales near  Carrington ,  New South Wales,  Australia
</div>",,,,,,,-1,,,569,"Thales near  Carrington ,  New South Wales,  Australia",0101000020E6100000287BF07F6C006340FE5D4480785540C0,59,2013-11-07 10:54:44.207973+00,2013-11-07 10:58:06.950124+00,true
,"<div class=""googft-info-window"">
<b>ID:</b> 43<br>
<b>Bureaux:</b> Thales near  Cergy Pontoise,  Région Parisienne,  France
</div>",,,,,,,-1,,,43,"Thales near  Cergy Pontoise,  Région Parisienne,  France",0101000020E6100000309E4143FF840040A5AC95BF31884840,60,2013-11-07 10:54:44.207973+00,2013-11-07 10:58:06.950124+00,true
,"<div class=""googft-info-window"">
<b>ID:</b> 31<br>
<b>Bureaux:</b> Thales near  Cesson Sévigné,  Bretagne,  France
</div>",,,,,,,-1,,,31,"Thales near  Cesson Sévigné,  Bretagne,  France",0101000020E6100000083D9B559FABF9BF922EEC1FFA0E4840,61,2013-11-07 10:54:44.207973+00,2013-11-07 10:58:06.950124+00,true
,"<div class=""googft-info-window"">
<b>ID:</b> 595<br>
<b>Bureaux:</b> Thales near  Charleroi,  Wallonie,  Belgium
</div>",,,,,,,-1,,,595,"Thales near  Charleroi,  Wallonie,  Belgium",0101000020E6100000328FFCC1C0D31140FBA6FADF5B4C4940,62,2013-11-07 10:54:44.207973+00,2013-11-07 10:58:06.950124+00,true
,"<div class=""googft-info-window"">
<b>ID:</b> 32<br>
<b>Bureaux:</b> Thales near  Chateaubourg,  Bretagne,  France
</div>",,,,,,,-1,,,32,"Thales near  Chateaubourg,  Bretagne,  France",0101000020E6100000AF7C96E7C11DF6BF9787F13F9E0E4840,63,2013-11-07 10:54:44.207973+00,2013-11-07 10:58:06.950124+00,true
,"<div class=""googft-info-window"">
<b>ID:</b> 35<br>
<b>Bureaux:</b> Thales near  Châtellerault,  Centre,  France
</div>",,,,,,,-1,,,35,"Thales near  Châtellerault,  Centre,  France",0101000020E61000001C08C9022670E13FDD9CA5BFF2684740,64,2013-11-07 10:54:44.207973+00,2013-11-07 10:58:06.950124+00,true
,"<div class=""googft-info-window"">
<b>ID:</b> 93<br>
<b>Bureaux:</b> Thales near  Cheadle Heath,  North West,  United Kingdom
</div>",,,,,,,-1,,,93,"Thales near  Cheadle Heath,  North West,  United Kingdom",0101000020E610000018601F9DBAB201C0E2F5AADF96B24A40,66,2013-11-07 10:54:44.207973+00,2013-11-07 10:58:06.950124+00,true
,"<div class=""googft-info-window"">
<b>ID:</b> 607<br>
<b>Bureaux:</b> Thales near  Chennai,  Tamilnadu,  India
</div>",,,,,,,-1,,,607,"Thales near  Chennai,  Tamilnadu,  India",0101000020E61000007A54FCDF110C5440950046E1C4192A40,67,2013-11-07 10:54:44.207973+00,2013-11-07 10:58:06.950124+00,true
,"<div class=""googft-info-window"">
<b>ID:</b> 101<br>
<b>Bureaux:</b> Thales near  Chessington,  South East,  United Kingdom
</div>",,,,,,,-1,,,101,"Thales near  Chessington,  South East,  United Kingdom",0101000020E61000005839B4C876BED3BF2EA5D35F54AE4940,68,2013-11-07 10:54:44.207973+00,2013-11-07 10:58:06.950124+00,true
,"<div class=""googft-info-window"">
<b>ID:</b> 228<br>
<b>Bureaux:</b> Thales near  Chieti,  Abruzzo,  Italy
</div>",,,,,,,-1,,,228,"Thales near  Chieti,  Abruzzo,  Italy",0101000020E6100000008BA141AF542C401732B2BF472C4540,69,2013-11-07 10:54:44.207973+00,2013-11-07 10:58:06.950124+00,true
,"<div class=""googft-info-window"">
<b>ID:</b> 81<br>
<b>Bureaux:</b> Thales near  Cholet,  Pays de la Loire,  France
</div>",,,,,,,-1,,,81,"Thales near  Cholet,  Pays de la Loire,  France",0101000020E610000058CA32C4B12EECBF8D80650003884740,70,2013-11-07 10:54:44.207973+00,2013-11-07 10:58:06.950124+00,true
,"<div class=""googft-info-window"">
<b>ID:</b> 452<br>
<b>Bureaux:</b> Thales near  Ciudad Real,  Ciudad Real,  Spain
</div>",,,,,,,-1,,,452,"Thales near  Ciudad Real,  Ciudad Real,  Spain",0101000020E610000084FEF801FE6711C00096F0DF17704340,71,2013-11-07 10:54:44.207973+00,2013-11-07 10:58:06.950124+00,true
,"<div class=""googft-info-window"">
<b>ID:</b> 46<br>
<b>Bureaux:</b> Thales near  Conflans Sainte Honorine,  Région Parisienne,  France
</div>",,,,,,,-1,,,46,"Thales near  Conflans Sainte Honorine,  Région Parisienne,  France",0101000020E61000000000000000C0004081295EC0267F4840,73,2013-11-07 10:54:44.207973+00,2013-11-07 10:58:06.950124+00,true
,"<div class=""googft-info-window"">
<b>ID:</b> 671<br>
<b>Bureaux:</b> Thales near  Copenhagen,  Hovedstaden,  Denmark
</div>",,,,,,,-1,,,671,"Thales near  Copenhagen,  Hovedstaden,  Denmark",0101000020E610000038C76FC09D222940EA9E2B007CD64B40,74,2013-11-07 10:54:44.207973+00,2013-11-07 10:58:06.950124+00,true
,"<div class=""googft-info-window"">
<b>ID:</b> 441<br>
<b>Bureaux:</b> Thales near  Cordoba,  Cordoba,  Spain
</div>",,,,,,,-1,,,441,"Thales near  Cordoba,  Cordoba,  Spain",0101000020E61000004D7045BD3B0513C01E9D048074F14240,75,2013-11-07 10:54:44.207973+00,2013-11-07 10:58:06.950124+00,true
,"<div class=""googft-info-window"">
<b>ID:</b> 102<br>
<b>Bureaux:</b> Thales near  Crawley,  South East,  United Kingdom
</div>",,,,,,,-1,,,102,"Thales near  Crawley,  South East,  United Kingdom",0101000020E6100000711B0DE02D10F8BF652E15C039E74940,76,2013-11-07 10:54:44.207973+00,2013-11-07 10:58:06.950124+00,true
,"<div class=""googft-info-window"">
<b>ID:</b> 628<br>
<b>Bureaux:</b> Thales near  Dammam,  Dammam,  Saudi Arabia
</div>",,,,,,,-1,,,628,"Thales near  Dammam,  Dammam,  Saudi Arabia",0101000020E6100000707610E0990D4940A2A30BA0CE713A40,78,2013-11-07 10:54:44.207973+00,2013-11-07 10:58:06.950124+00,true
,"<div class=""googft-info-window"">
<b>ID:</b> 549<br>
<b>Bureaux:</b> Thales near  Deakin ,  Australian Capital Territory,  Australia
</div>",,,,,,,-1,,,549,"Thales near  Deakin ,  Australian Capital Territory,  Australia",0101000020E6100000041E184078A36240B0A250604BA841C0,79,2013-11-07 10:54:44.207973+00,2013-11-07 10:58:06.950124+00,true
,"<div class=""googft-info-window"">
<b>ID:</b> 425<br>
<b>Bureaux:</b> Thales near  Delft,  Zuid-Holland,  Netherlands
</div>",,,,,,,-1,,,425,"Thales near  Delft,  Zuid-Holland,  Netherlands",0101000020E6100000D0042F9F516F1140519E1E8079014A40,80,2013-11-07 10:54:44.207973+00,2013-11-07 10:58:06.950124+00,true
,"<div class=""googft-info-window"">
<b>ID:</b> 568<br>
<b>Bureaux:</b> Thales near  Denman ,  New South Wales,  Australia
</div>",,,,,,,-1,,,568,"Thales near  Denman ,  New South Wales,  Australia",0101000020E6100000B4E908E0E6D56240B7C6B13F9A3140C0,81,2013-11-07 10:54:44.207973+00,2013-11-07 10:58:06.950124+00,true
,"<div class=""googft-info-window"">
<b>ID:</b> 598<br>
<b>Bureaux:</b> Thales near  Doha,  Qatar,  Qatar
</div>",,,,,,,-1,,,598,"Thales near  Doha,  Qatar,  Qatar",0101000020E61000003DDF05007DC2494071DA9DFF684B3940,82,2013-11-07 10:54:44.207973+00,2013-11-07 10:58:06.950124+00,true
,"<div class=""googft-info-window"">
<b>ID:</b> 241<br>
<b>Bureaux:</b> Thales near  Doncaster,  Yorkshire,  United Kingdom
</div>",,,,,,,-1,,,241,"Thales near  Doncaster,  Yorkshire,  United Kingdom",0101000020E6100000CF6BEC12D55BF1BF0ED363004DC04A40,83,2013-11-07 10:54:44.207973+00,2013-11-07 10:58:06.950124+00,true
,"<div class=""googft-info-window"">
<b>ID:</b> 106<br>
<b>Bureaux:</b> Thales near  Dorchester,  South West,  United Kingdom
</div>",,,,,,,-1,,,106,"Thales near  Dorchester,  South West,  United Kingdom",0101000020E61000006B7CCB41758803C03BF9991F245B4940,84,2013-11-07 10:54:44.207973+00,2013-11-07 10:58:06.950124+00,true
,"<div class=""googft-info-window"">
<b>ID:</b> 579<br>
<b>Bureaux:</b> Thales near  Douglas,  Queensland,  Australia
</div>",,,,,,,-1,,,579,"Thales near  Douglas,  Queensland,  Australia",0101000020E6100000B0CBF09FAE576240D0DB8E5F2E5233C0,85,2013-11-07 10:54:44.207973+00,2013-11-07 10:58:06.950124+00,true
,"<div class=""googft-info-window"">
<b>ID:</b> 253<br>
<b>Bureaux:</b> Thales near  Dubaï,  Dubaï,  United Arab Emirates
</div>",,,,,,,-1,,,253,"Thales near  Dubaï,  Dubaï,  United Arab Emirates",0101000020E6100000E8B8BF1F23934B4020F0C000C2153940,86,2013-11-07 10:54:44.207973+00,2013-11-07 10:58:06.950124+00,true
,"<div class=""googft-info-window"">
<b>ID:</b> 244<br>
<b>Bureaux:</b> Thales near  East London,  London,  United Kingdom
</div>",,,,,,,-1,,,244,"Thales near  East London,  London,  United Kingdom",0101000020E61000000B98C0ADBB79B2BFD8840F8013C04940,87,2013-11-07 10:54:44.207973+00,2013-11-07 10:58:06.950124+00,true
,"<div class=""googft-info-window"">
<b>ID:</b> 588<br>
<b>Bureaux:</b> Thales near  Edinburgh (AUS),  South Australia,  Australia
</div>",,,,,,,-1,,,588,"Thales near  Edinburgh (AUS),  South Australia,  Australia",0101000020E6100000732A1900AA54614088241F60525E41C0,89,2013-11-07 10:54:44.207973+00,2013-11-07 10:58:06.950124+00,true
,"<div class=""googft-info-window"">
<b>ID:</b> 96<br>
<b>Bureaux:</b> Thales near  Edinburgh (UK),  Scotland,  United Kingdom
</div>",,,,,,,-1,,,96,"Thales near  Edinburgh (UK),  Scotland,  United Kingdom",0101000020E61000004F6331A0CD8009C0449C983FF0F84B40,90,2013-11-07 10:54:44.207973+00,2013-11-07 10:58:06.950124+00,true
,"<div class=""googft-info-window"">
<b>ID:</b> 158<br>
<b>Bureaux:</b> Thales near  Edison,  New Jersey,  United States
</div>",,,,,,,-1,,,158,"Thales near  Edison,  New Jersey,  United States",0101000020E6100000B03500C0D69852C0A88FC01F7E454440,91,2013-11-07 10:54:44.207973+00,2013-11-07 10:58:06.950124+00,true
,"<div class=""googft-info-window"">
<b>ID:</b> 424<br>
<b>Bureaux:</b> Thales near  Eindhoven,  Noord-Brabant,  Netherlands
</div>",,,,,,,-1,,,424,"Thales near  Eindhoven,  Noord-Brabant,  Netherlands",0101000020E6100000CCA5A77E94DF1540ECD918E027BD4940,92,2013-11-07 10:54:44.207973+00,2013-11-07 10:58:06.950124+00,true
,"<div class=""googft-info-window"">
<b>ID:</b> 667<br>
<b>Bureaux:</b> Thales near  Etrelles,  Bretagne,  France
</div>",,,,,,,-1,,,667,"Thales near  Etrelles,  Bretagne,  France",0101000020E6100000280F0BB5A639F3BF9B0F19A07E0A4840,95,2013-11-07 10:54:44.207973+00,2013-11-07 10:58:06.950124+00,true
,"<div class=""googft-info-window"">
<b>ID:</b> 103<br>
<b>Bureaux:</b> Thales near  Fareham,  South East,  United Kingdom
</div>",,,,,,,-1,,,103,"Thales near  Fareham,  South East,  United Kingdom",0101000020E610000085BF153F7C4FF3BF996D5D20F76E4940,96,2013-11-07 10:54:44.207973+00,2013-11-07 10:58:06.950124+00,true
,"<div class=""googft-info-window"">
<b>ID:</b> 433<br>
<b>Bureaux:</b> Thales near  Firenze,  Toscana,  Italy
</div>",,,,,,,-1,,,433,"Thales near  Firenze,  Toscana,  Italy",0101000020E6100000E7A331FF8D82264047E9D2BF24E44540,97,2013-11-07 10:54:44.207973+00,2013-11-07 10:58:06.950124+00,true
,"<div class=""googft-info-window"">
<b>ID:</b> 36<br>
<b>Bureaux:</b> Thales near  Fleury-Orleans,  Centre,  France
</div>",,,,,,,-1,,,36,"Thales near  Fleury-Orleans,  Centre,  France",0101000020E6100000FD982034CC7AFE3F9858CFFF61F34740,98,2013-11-07 10:54:44.207973+00,2013-11-07 10:58:06.950124+00,true
,"<div class=""googft-info-window"">
<b>ID:</b> 48<br>
<b>Bureaux:</b> Thales near  Fontenay aux roses,  Région Parisienne,  France
</div>",,,,,,,-1,,,48,"Thales near  Fontenay aux roses,  Région Parisienne,  France",0101000020E6100000E60BB501334A0240603F1FC07D654840,99,2013-11-07 10:54:44.207973+00,2013-11-07 10:58:06.950124+00,true
,"<div class=""googft-info-window"">
<b>ID:</b> 556<br>
<b>Bureaux:</b> Thales near  Footscray ,  Victoria,  Australia
</div>",,,,,,,-1,,,556,"Thales near  Footscray ,  Victoria,  Australia",0101000020E6100000652E15C0791C62407562C55F49E542C0,100,2013-11-07 10:54:44.207973+00,2013-11-07 10:58:06.950124+00,true
,"<div class=""googft-info-window"">
<b>ID:</b> 550<br>
<b>Bureaux:</b> Thales near  Fyshwick,  Australian Capital Territory,  Australia
</div>",,,,,,,-1,,,550,"Thales near  Fyshwick,  Australian Capital Territory,  Australia",0101000020E6100000CD68F51FA3A56240C5991540E7A941C0,101,2013-11-07 10:54:44.207973+00,2013-11-07 10:58:06.950124+00,true
,"<div class=""googft-info-window"">
<b>ID:</b> 436<br>
<b>Bureaux:</b> Thales near  Getafe,  Madrid,  Spain
</div>",,,,,,,-1,,,436,"Thales near  Getafe,  Madrid,  Spain",0101000020E6100000B9BF1F2345A90DC0C9E0CDBF022C4440,105,2013-11-07 10:54:44.207973+00,2013-11-07 10:58:06.950124+00,true
,"<div class=""googft-info-window"">
<b>ID:</b> 97<br>
<b>Bureaux:</b> Thales near  Glasgow,  Scotland,  United Kingdom
</div>",,,,,,,-1,,,97,"Thales near  Glasgow,  Scotland,  United Kingdom",0101000020E6100000B9A40F02975C10C0817B9E3F6DE84B40,106,2013-11-07 10:54:44.207973+00,2013-11-07 10:58:06.950124+00,true
,"<div class=""googft-info-window"">
<b>ID:</b> 559<br>
<b>Bureaux:</b> Thales near  Glenbrook ,  New South Wales,  Australia
</div>",,,,,,,-1,,,559,"Thales near  Glenbrook ,  New South Wales,  Australia",0101000020E61000003468E89FE0D3624062E75C401EE240C0,107,2013-11-07 10:54:44.207973+00,2013-11-07 10:58:06.950124+00,true
,"<div class=""googft-info-window"">
<b>ID:</b> 431<br>
<b>Bureaux:</b> Thales near  Gorgonzola ,  Lombardia,  Italy
</div>",,,,,,,-1,,,431,"Thales near  Gorgonzola ,  Lombardia,  Italy",0101000020E61000008EA6C4BF19CE2240838AAA5FE9C34640,108,2013-11-07 10:54:44.207973+00,2013-11-07 10:58:06.950124+00,true
,"<div class=""googft-info-window"">
<b>ID:</b> 73<br>
<b>Bureaux:</b> Thales near  Grenoble,  Rhône-Alpes,  France
</div>",,,,,,,-1,,,73,"Thales near  Grenoble,  Rhône-Alpes,  France",0101000020E61000009764D30094ED16406F35A1FFD4984640,109,2013-11-07 10:54:44.207973+00,2013-11-07 10:58:06.950124+00,true
,"<div class=""googft-info-window"">
<b>ID:</b> 49<br>
<b>Bureaux:</b> Thales near  Guyancourt,  Région Parisienne,  France
</div>",,,,,,,-1,,,49,"Thales near  Guyancourt,  Région Parisienne,  France",0101000020E61000000A97FA1E9A8E00407BFC3960B2624840,110,2013-11-07 10:54:44.207973+00,2013-11-07 10:58:06.950124+00,true
,"<div class=""googft-info-window"">
<b>ID:</b> 383<br>
<b>Bureaux:</b> Thales near  Halifax,  Nova Scotia,  Canada
</div>",,,,,,,-1,,,383,"Thales near  Halifax,  Nova Scotia,  Canada",0101000020E610000073ECEA9FF1D64FC06ED113E005704640,111,2013-11-07 10:54:44.207973+00,2013-11-07 10:58:06.950124+00,true
,"<div class=""googft-info-window"">
<b>ID:</b> 394<br>
<b>Bureaux:</b> Thales near  Hamburg,  Hamburg,  Germany
</div>",,,,,,,-1,,,394,"Thales near  Hamburg,  Hamburg,  Germany",0101000020E6100000B66224204BF354C06D9626005A394540,112,2013-11-07 10:54:44.207973+00,2013-11-07 10:58:06.950124+00,true
,"<div class=""googft-info-window"">
<b>ID:</b> 560<br>
<b>Bureaux:</b> Thales near  Henderson ,  Western Australia,  Australia
</div>",,,,,,,-1,,,560,"Thales near  Henderson ,  Western Australia,  Australia",0101000020E6100000A62B3300AFF25C40C38A09206B1540C0,113,2013-11-07 10:54:44.207973+00,2013-11-07 10:58:06.950124+00,true
,"<div class=""googft-info-window"">
<b>ID:</b> 594<br>
<b>Bureaux:</b> Thales near  Herstal,  Wallonie,  Belgium
</div>",,,,,,,-1,,,594,"Thales near  Herstal,  Wallonie,  Belgium",0101000020E61000008FA50F5D507F1640FACF9A1F7F544940,115,2013-11-07 10:54:44.207973+00,2013-11-07 10:58:06.950124+00,true
,"<div class=""googft-info-window"">
<b>ID:</b> 561<br>
<b>Bureaux:</b> Thales near  Holdsworthy ,  New South Wales,  Australia
</div>",,,,,,,-1,,,561,"Thales near  Holdsworthy ,  New South Wales,  Australia",0101000020E6100000E5DB16C0AFDE6240006A0F20E8FA40C0,116,2013-11-07 10:54:44.207973+00,2013-11-07 10:58:06.950124+00,true
,"<div class=""googft-info-window"">
<b>ID:</b> 528<br>
<b>Bureaux:</b> Thales near  Hong Kong,  Hong Kong,  China
</div>",,,,,,,-1,,,528,"Thales near  Hong Kong,  Hong Kong,  China",0101000020E6100000AC81F79F468A5C40CCBD761F36473640,117,2013-11-07 10:54:44.207973+00,2013-11-07 10:58:06.950124+00,true
,"<div class=""googft-info-window"">
<b>ID:</b> 665<br>
<b>Bureaux:</b> Thales near  Huntsville,  Alabama,  United States
</div>",,,,,,,-1,,,665,"Thales near  Huntsville,  Alabama,  United States",0101000020E61000000AE12C8084A855C08AF2BB9F09604140,119,2013-11-07 10:54:44.207973+00,2013-11-07 10:58:06.950124+00,true
,"<div class=""googft-info-window"">
<b>ID:</b> 162<br>
<b>Bureaux:</b> Thales near  Irvine,  California,  United States
</div>",,,,,,,-1,,,162,"Thales near  Irvine,  California,  United States",0101000020E61000009C76E73FDA745DC0E1BDFE7FF7D74040,120,2013-11-07 10:54:44.207973+00,2013-11-07 10:58:06.950124+00,true
,"<div class=""googft-info-window"">
<b>ID:</b> 496<br>
<b>Bureaux:</b> Thales near  Ismaning,  Bayern,  Germany
</div>",,,,,,,-1,,,496,"Thales near  Ismaning,  Bayern,  Germany",0101000020E6100000174A8160E9332540423B4CA02DCB4740,121,2013-11-07 10:54:44.207973+00,2013-11-07 10:58:06.950124+00,true
,"<div class=""googft-info-window"">
<b>ID:</b> 50<br>
<b>Bureaux:</b> Thales near  Issy les Moulineaux,  Région Parisienne,  France
</div>",,,,,,,-1,,,50,"Thales near  Issy les Moulineaux,  Région Parisienne,  France",0101000020E610000003ACFA01B4020240C8E64FC01B694840,122,2013-11-07 10:54:44.207973+00,2013-11-07 10:58:06.950124+00,true
,"<div class=""googft-info-window"">
<b>ID:</b> 625<br>
<b>Bureaux:</b> Thales near  Jeddah ,  Jeddah ,  Saudi Arabia
</div>",,,,,,,-1,,,625,"Thales near  Jeddah ,  Jeddah ,  Saudi Arabia",0101000020E610000055BC36C0719143400EAAC3C0298C3540,124,2013-11-07 10:54:44.207973+00,2013-11-07 10:58:06.950124+00,true
,"<div class=""googft-info-window"">
<b>ID:</b> 392<br>
<b>Bureaux:</b> Thales near  Kiel,  Schleswig-Holstein,  Germany
</div>",,,,,,,-1,,,392,"Thales near  Kiel,  Schleswig-Holstein,  Germany",0101000020E61000002C6D2700B543244022B8DB3F60294B40,129,2013-11-07 10:54:44.207973+00,2013-11-07 10:58:06.950124+00,true
,"<div class=""googft-info-window"">
<b>ID:</b> 495<br>
<b>Bureaux:</b> Thales near  Koblenz,  Rheinland-Pfalz,  Germany
</div>",,,,,,,-1,,,495,"Thales near  Koblenz,  Rheinland-Pfalz,  Germany",0101000020E6100000C52F0620FF5E1E40ADEB06C02E2E4940,130,2013-11-07 10:54:44.207973+00,2013-11-07 10:58:06.950124+00,true
,"<div class=""googft-info-window"">
<b>ID:</b> 609<br>
<b>Bureaux:</b> Thales near  Kochi,  Kerala,  India
</div>",,,,,,,-1,,,609,"Thales near  Kochi,  Kerala,  India",0101000020E6100000F33EE99FBB10534001309E4143DF2340,131,2013-11-07 10:54:44.207973+00,2013-11-07 10:58:06.950124+00,true
,"<div class=""googft-info-window"">
<b>ID:</b> 415<br>
<b>Bureaux:</b> Thales near  Korntal-Münchingen,  Baden-Württemberg,  Germany
</div>",,,,,,,-1,,,415,"Thales near  Korntal-Münchingen,  Baden-Württemberg,  Germany",0101000020E610000054991881673D2240EC6CC83F336A4840,132,2013-11-07 10:54:44.207973+00,2013-11-07 10:58:06.950124+00,true
,"<div class=""googft-info-window"">
<b>ID:</b> 530<br>
<b>Bureaux:</b> Thales near  Kowloon,  Hong Kong,  China
</div>",,,,,,,-1,,,530,"Thales near  Kowloon,  Hong Kong,  China",0101000020E6100000F12FDD7FBF8B5C4063F9A9E0A64F3640,134,2013-11-07 10:54:44.207973+00,2013-11-07 10:58:06.950124+00,true
,"<div class=""googft-info-window"">
<b>ID:</b> 216<br>
<b>Bureaux:</b> Thales near  Kuala Lumpur,  Kuala Lumpur,  Malaysia
</div>",,,,,,,-1,,,216,"Thales near  Kuala Lumpur,  Kuala Lumpur,  Malaysia",0101000020E61000001D33F55F0C6E594084A4AA645B110940,135,2013-11-07 10:54:44.207973+00,2013-11-07 10:58:06.950124+00,true
,"<div class=""googft-info-window"">
<b>ID:</b> 37<br>
<b>Bureaux:</b> Thales near  La Ferté Saint Aubin,  Centre,  France
</div>",,,,,,,-1,,,37,"Thales near  La Ferté Saint Aubin,  Centre,  France",0101000020E61000006A46ABFF18FFFE3FBF6CF1DF72DC4740,136,2013-11-07 10:54:44.207973+00,2013-11-07 10:58:06.950124+00,true
,"<div class=""googft-info-window"">
<b>ID:</b> 52<br>
<b>Bureaux:</b> Thales near  Lambersart,  France Nord,  France
</div>",,,,,,,-1,,,52,"Thales near  Lambersart,  France Nord,  France",0101000020E6100000EEE5E37F972E084082FA3B80EA524940,137,2013-11-07 10:54:44.207973+00,2013-11-07 10:58:06.950124+00,true
,"<div class=""googft-info-window"">
<b>ID:</b> 121<br>
<b>Bureaux:</b> Thales near  Langen,  Hessen,  Germany
</div>",,,,,,,-1,,,121,"Thales near  Langen,  Hessen,  Germany",0101000020E610000062C6CA1E575521401A530B804CFE4840,138,2013-11-07 10:54:44.207973+00,2013-11-07 10:58:06.950124+00,true
,"<div class=""googft-info-window"">
<b>ID:</b> 416<br>
<b>Bureaux:</b> Thales near  L'Aquila,  Abruzzo,  Italy
</div>",,,,,,,-1,,,416,"Thales near  L'Aquila,  Abruzzo,  Italy",0101000020E610000049E70D411FCA2A409CE337E04E2D4540,139,2013-11-07 10:54:44.207973+00,2013-11-07 10:58:06.950124+00,true
,"<div class=""googft-info-window"">
<b>ID:</b> 573<br>
<b>Bureaux:</b> Thales near  Lara ,  Victoria,  Australia
</div>",,,,,,,-1,,,573,"Thales near  Lara ,  Victoria,  Australia",0101000020E6100000992CEE3FF20B6240AF384140630643C0,140,2013-11-07 10:54:44.207973+00,2013-11-07 10:58:06.950124+00,true
,"<div class=""googft-info-window"">
<b>ID:</b> 33<br>
<b>Bureaux:</b> Thales near  Laval,  Pays de la Loire,  France
</div>",,,,,,,-1,,,33,"Thales near  Laval,  Pays de la Loire,  France",0101000020E6100000ED815660C8EAE7BF3EDCC47F70064840,141,2013-11-07 10:54:44.207973+00,2013-11-07 10:58:06.950124+00,true
,"<div class=""googft-info-window"">
<b>ID:</b> 240<br>
<b>Bureaux:</b> Thales near  Leeds,  Yorkshire,  United Kingdom
</div>",,,,,,,-1,,,240,"Thales near  Leeds,  Yorkshire,  United Kingdom",0101000020E610000003194BA2A87DF9BF01A83D80A0DF4A40,142,2013-11-07 10:54:44.207973+00,2013-11-07 10:58:06.950124+00,true
,"<div class=""googft-info-window"">
<b>ID:</b> 403<br>
<b>Bureaux:</b> Thales near  Leipzig,  Sachsen,  Germany
</div>",,,,,,,-1,,,403,"Thales near  Leipzig,  Sachsen,  Germany",0101000020E6100000707610E099C52840D04B20802FAC4940,144,2013-11-07 10:54:44.207973+00,2013-11-07 10:58:06.950124+00,true
,"<div class=""googft-info-window"">
<b>ID:</b> 53<br>
<b>Bureaux:</b> Thales near  Lille,  France Nord,  France
</div>",,,,,,,-1,,,53,"Thales near  Lille,  France Nord,  France",0101000020E610000093C6681D552D1240388600E0D8304740,145,2013-11-07 10:54:44.207973+00,2013-11-07 10:58:06.950124+00,true
,"<div class=""googft-info-window"">
<b>ID:</b> 650<br>
<b>Bureaux:</b> Thales near  Linton,  Manawatu-Wanganui,  New Zealand
</div>",,,,,,,-1,,,650,"Thales near  Linton,  Manawatu-Wanganui,  New Zealand",0101000020E6100000AC17E87FDEF165408921DEDF453744C0,147,2013-11-07 10:54:44.207973+00,2013-11-07 10:58:06.950124+00,true
,"<div class=""googft-info-window"">
<b>ID:</b> 538<br>
<b>Bureaux:</b> Thales near  Lisbon,  Greater Lisbon,  Portugal
</div>",,,,,,,-1,,,538,"Thales near  Lisbon,  Greater Lisbon,  Portugal",0101000020E61000002BC5E97F14FA51C01A7FEC3F7C1B4640,148,2013-11-07 10:54:44.207973+00,2013-11-07 10:58:06.950124+00,true
,"<div class=""googft-info-window"">
<b>ID:</b> 563<br>
<b>Bureaux:</b> Thales near  Lithgow ,  New South Wales,  Australia
</div>",,,,,,,-1,,,563,"Thales near  Lithgow ,  New South Wales,  Australia",0101000020E61000006110FD7FC1C46240F3412A2048BD40C0,149,2013-11-07 10:54:44.207973+00,2013-11-07 10:58:06.950124+00,true
,"<div class=""googft-info-window"">
<b>ID:</b> 504<br>
<b>Bureaux:</b> Thales near  Ljubljana,  Ljubljana,  Slovenia
</div>",,,,,,,-1,,,504,"Thales near  Ljubljana,  Ljubljana,  Slovenia",0101000020E610000014E5773F130E2D40CA479C5FDE0F4740,150,2013-11-07 10:54:44.207973+00,2013-11-07 10:58:06.950124+00,true
,"<div class=""googft-info-window"">
<b>ID:</b> 88<br>
<b>Bureaux:</b> Thales near  London,  London,  United Kingdom
</div>",,,,,,,-1,,,88,"Thales near  London,  London,  United Kingdom",0101000020E610000066E14625D0BB8CBF3394C95F10C04940,151,2013-11-07 10:54:44.207973+00,2013-11-07 10:58:06.950124+00,true
,"<div class=""googft-info-window"">
<b>ID:</b> 231<br>
<b>Bureaux:</b> Thales near  Long Crendon,  Thames Valley,  United Kingdom
</div>",,,,,,,-1,,,231,"Thales near  Long Crendon,  Thames Valley,  United Kingdom",0101000020E610000062670A9DD7D8EFBF57F1A19F04E34940,152,2013-11-07 10:54:44.207973+00,2013-11-07 10:58:06.950124+00,true
,"<div class=""googft-info-window"">
<b>ID:</b> 659<br>
<b>Bureaux:</b> Thales near  Luanda,  Luanda,  Angola
</div>",,,,,,,-1,,,659,"Thales near  Luanda,  Luanda,  Angola",0101000020E6100000A6CFB3FE3B772A402C47C8409EA121C0,153,2013-11-07 10:54:44.207973+00,2013-11-07 10:58:06.950124+00,true
,"<div class=""googft-info-window"">
<b>ID:</b> 74<br>
<b>Bureaux:</b> Thales near  Lyon,  Rhône-Alpes,  France
</div>",,,,,,,-1,,,74,"Thales near  Lyon,  Rhône-Alpes,  France",0101000020E6100000F88DAF3DB36C1340439FD9BFFCE34640,155,2013-11-07 10:54:44.207973+00,2013-11-07 10:58:06.950124+00,true
,"<div class=""googft-info-window"">
<b>ID:</b> 123<br>
<b>Bureaux:</b> Thales near  Madrid,  Madrid,  Spain
</div>",,,,,,,-1,,,123,"Thales near  Madrid,  Madrid,  Spain",0101000020E610000094A46B26DFEC0DC033011A00052F4440,156,2013-11-07 10:54:44.207973+00,2013-11-07 10:58:06.950124+00,true
,"<div class=""googft-info-window"">
<b>ID:</b> 444<br>
<b>Bureaux:</b> Thales near  Malaga,  Malaga,  Spain
</div>",,,,,,,-1,,,444,"Thales near  Malaga,  Malaga,  Spain",0101000020E6100000ABB019E002EF5DC09D21664007574240,158,2013-11-07 10:54:44.207973+00,2013-11-07 10:58:06.950124+00,true
,"<div class=""googft-info-window"">
<b>ID:</b> 55<br>
<b>Bureaux:</b> Thales near  Malakoff,  Région Parisienne,  France
</div>",,,,,,,-1,,,55,"Thales near  Malakoff,  Région Parisienne,  France",0101000020E6100000D5B2B5BE486802403F17B25F1C694840,159,2013-11-07 10:54:44.207973+00,2013-11-07 10:58:06.950124+00,true
,"<div class=""googft-info-window"">
<b>ID:</b> 94<br>
<b>Bureaux:</b> Thales near  Manchester,  North West,  United Kingdom
</div>",,,,,,,-1,,,94,"Thales near  Manchester,  North West,  United Kingdom",0101000020E610000001721D3E441E02C075D256804AB14A40,161,2013-11-07 10:54:44.207973+00,2013-11-07 10:58:06.950124+00,true
,"<div class=""googft-info-window"">
<b>ID:</b> 128<br>
<b>Bureaux:</b> Thales near  Melbourne,  Victoria,  Australia
</div>",,,,,,,-1,,,128,"Thales near  Melbourne,  Victoria,  Australia",0101000020E61000000CEDF71F74186240947E67203BE142C0,164,2013-11-07 10:54:44.207973+00,2013-11-07 10:58:06.950124+00,true
,"<div class=""googft-info-window"">
<b>ID:</b> 428<br>
<b>Bureaux:</b> Thales near  Mexico City,  Federal District,  United Mexican States
</div>",,,,,,,-1,,,428,"Thales near  Mexico City,  Federal District,  United Mexican States",0101000020E6100000336B2920EDC558C02BEE89BF376B3340,167,2013-11-07 10:54:44.207973+00,2013-11-07 10:58:06.950124+00,true
,"<div class=""googft-info-window"">
<b>ID:</b> 617<br>
<b>Bureaux:</b> Thales near  Microcentro,  Capital Federal,  Argentina
</div>",,,,,,,-1,,,617,"Thales near  Microcentro,  Capital Federal,  Argentina",0101000020E61000008A332B80CE2F4DC0C1E84DA0E34D41C0,168,2013-11-07 10:54:44.207973+00,2013-11-07 10:58:06.950124+00,true
,"<div class=""googft-info-window"">
<b>ID:</b> 599<br>
<b>Bureaux:</b> Thales near  Midrand,  Gauteng,  South Africa
</div>",,,,,,,-1,,,599,"Thales near  Midrand,  Gauteng,  South Africa",0101000020E610000090F98040671C3C407E0283FF08FA39C0,169,2013-11-07 10:54:44.207973+00,2013-11-07 10:58:06.950124+00,true
,"<div class=""googft-info-window"">
<b>ID:</b> 230<br>
<b>Bureaux:</b> Thales near  Milano,  Lombardia,  Italy
</div>",,,,,,,-1,,,230,"Thales near  Milano,  Lombardia,  Italy",0101000020E610000072906B9E7E3B2240533D997FF4B64640,170,2013-11-07 10:54:44.207973+00,2013-11-07 10:58:06.950124+00,true
,"<div class=""googft-info-window"">
<b>ID:</b> 656<br>
<b>Bureaux:</b> Thales near  Milpitas,  California,  United States
</div>",,,,,,,-1,,,656,"Thales near  Milpitas,  California,  United States",0101000020E610000022BB1CC06C795EC078190F0066B74240,171,2013-11-07 10:54:44.207973+00,2013-11-07 10:58:06.950124+00,true
,"<div class=""googft-info-window"">
<b>ID:</b> 124<br>
<b>Bureaux:</b> Thales near  Montpellier,  France Sud Est,  France
</div>",,,,,,,-1,,,124,"Thales near  Montpellier,  France Sud Est,  France",0101000020E610000004B7A4598FC10E4009A3FE1FCCCB4540,173,2013-11-07 10:54:44.207973+00,2013-11-07 10:58:06.950124+00,true
,"<div class=""googft-info-window"">
<b>ID:</b> 152<br>
<b>Bureaux:</b> Thales near  Montréal,  Québec,  Canada
</div>",,,,,,,-1,,,152,"Thales near  Montréal,  Québec,  Canada",0101000020E610000081261D409A6352C057CB42E0EDCD4640,174,2013-11-07 10:54:44.207973+00,2013-11-07 10:58:06.950124+00,true
,"<div class=""googft-info-window"">
<b>ID:</b> 59<br>
<b>Bureaux:</b> Thales near  Montrouge,  Région Parisienne,  France
</div>",,,,,,,-1,,,59,"Thales near  Montrouge,  Région Parisienne,  France",0101000020E610000097A201614C8F0240962023A0C2684840,175,2013-11-07 10:54:44.207973+00,2013-11-07 10:58:06.950124+00,true
,"<div class=""googft-info-window"">
<b>ID:</b> 566<br>
<b>Bureaux:</b> Thales near  Moorebank ,  New South Wales,  Australia
</div>",,,,,,,-1,,,566,"Thales near  Moorebank ,  New South Wales,  Australia",0101000020E610000034D2F7BF88DD6240D6A1E41FC7F940C0,176,2013-11-07 10:54:44.207973+00,2013-11-07 10:58:06.950124+00,true
,"<div class=""googft-info-window"">
<b>ID:</b> 196<br>
<b>Bureaux:</b> Thales near  Mumbai,  Maharashtra,  India
</div>",,,,,,,-1,,,196,"Thales near  Mumbai,  Maharashtra,  India",0101000020E61000007980DD9F413552402AF40BC050133340,178,2013-11-07 10:54:44.207973+00,2013-11-07 10:58:06.950124+00,true
,"<div class=""googft-info-window"">
<b>ID:</b> 401<br>
<b>Bureaux:</b> Thales near  München,  Ismaning,  Germany
</div>",,,,,,,-1,,,401,"Thales near  München,  Ismaning,  Germany",0101000020E61000009FECC1FFB12727404DED56E075114840,179,2013-11-07 10:54:44.207973+00,2013-11-07 10:58:06.950124+00,true
,"<div class=""googft-info-window"">
<b>ID:</b> 662<br>
<b>Bureaux:</b> Thales near  Muscat,  Muscat,  Oman
</div>",,,,,,,-1,,,662,"Thales near  Muscat,  Muscat,  Oman",0101000020E6100000311BAE1FAC4B4D40554FE61F7D9D3740,180,2013-11-07 10:54:44.207973+00,2013-11-07 10:58:06.950124+00,true
,"<div class=""googft-info-window"">
<b>ID:</b> 82<br>
<b>Bureaux:</b> Thales near  Nantes,  Pays de la Loire,  France
</div>",,,,,,,-1,,,82,"Thales near  Nantes,  Pays de la Loire,  France",0101000020E6100000518F238C55D9F8BFE1BABDFFEA9B4740,181,2013-11-07 10:54:44.207973+00,2013-11-07 10:58:06.950124+00,true
,"<div class=""googft-info-window"">
<b>ID:</b> 487<br>
<b>Bureaux:</b> Thales near  Nedlands,  Western Australia,  Australia
</div>",,,,,,,-1,,,487,"Thales near  Nedlands,  Western Australia,  Australia",0101000020E61000009C7928C066F35C40606B0080ADFA3FC0,182,2013-11-07 10:54:44.207973+00,2013-11-07 10:58:06.950124+00,true
,"<div class=""googft-info-window"">
<b>ID:</b> 60<br>
<b>Bureaux:</b> Thales near  Neuilly,  Région Parisienne,  France
</div>",,,,,,,-1,,,60,"Thales near  Neuilly,  Région Parisienne,  France",0101000020E6100000F7E461A1D634D53F4541953F848A4740,183,2013-11-07 10:54:44.207973+00,2013-11-07 10:58:06.950124+00,true
,"<div class=""googft-info-window"">
<b>ID:</b> 611<br>
<b>Bureaux:</b> Thales near  New Castle,  Delaware,  United States
</div>",,,,,,,-1,,,611,"Thales near  New Castle,  Delaware,  United States",0101000020E610000027AA12C0A8E952C0B7C9F2BFA6D04340,184,2013-11-07 10:54:44.207973+00,2013-11-07 10:58:06.950124+00,true
,"<div class=""googft-info-window"">
<b>ID:</b> 194<br>
<b>Bureaux:</b> Thales near  New Delhi,  Territory of Delhi,  India
</div>",,,,,,,-1,,,194,"Thales near  New Delhi,  Territory of Delhi,  India",0101000020E6100000F47C1700F44B5340FBEAAA402D983C40,185,2013-11-07 10:54:44.207973+00,2013-11-07 10:58:06.950124+00,true
,"<div class=""googft-info-window"">
<b>ID:</b> 668<br>
<b>Bureaux:</b> Thales near  New York,  New York,  United States
</div>",,,,,,,-1,,,668,"Thales near  New York,  New York,  United States",0101000020E61000001E7123C0C48052C020802FE0C05A4440,186,2013-11-07 10:54:44.207973+00,2013-11-07 10:58:06.950124+00,true
,"<div class=""googft-info-window"">
<b>ID:</b> 604<br>
<b>Bureaux:</b> Thales near Nieuw Muckleneuk, Pretoria,  Gauteng,  South Africa
</div>",,,,,,,-1,,,604,"Thales near Nieuw Muckleneuk, Pretoria,  Gauteng,  South Africa",0101000020E61000009A417C60C7393C40D37D4ADFB5C339C0,306,2013-11-07 10:54:44.207973+00,2013-11-07 10:58:06.950124+00,true
,"<div class=""googft-info-window"">
<b>ID:</b> 543<br>
<b>Bureaux:</b> Thales near  Nowra,  New South Wales,  Australia
</div>",,,,,,,-1,,,543,"Thales near  Nowra,  New South Wales,  Australia",0101000020E61000008C6E18603AD3624064B2B8FFC86F41C0,190,2013-11-07 10:54:44.207973+00,2013-11-07 10:58:06.950124+00,true
,"<div class=""googft-info-window"">
<b>ID:</b> 404<br>
<b>Bureaux:</b> Thales near  Nürnberg,  Bayern,  Germany
</div>",,,,,,,-1,,,404,"Thales near  Nürnberg,  Bayern,  Germany",0101000020E6100000E68013C083212640020CCB9F6FB74840,191,2013-11-07 10:54:44.207973+00,2013-11-07 10:58:06.950124+00,true
,"<div class=""googft-info-window"">
<b>ID:</b> 572<br>
<b>Bureaux:</b> Thales near  Orchard Hills,  New South Wales,  Australia
</div>",,,,,,,-1,,,572,"Thales near  Orchard Hills,  New South Wales,  Australia",0101000020E61000001E0714A01CD76240F9043F60D4E340C0,194,2013-11-07 10:54:44.207973+00,2013-11-07 10:58:06.950124+00,true
,"<div class=""googft-info-window"">
<b>ID:</b> 61<br>
<b>Bureaux:</b> Thales near  Orsay,  Région Parisienne,  France
</div>",,,,,,,-1,,,61,"Thales near  Orsay,  Région Parisienne,  France",0101000020E610000095EB127AA280014065EDA5DF74594840,195,2013-11-07 10:54:44.207973+00,2013-11-07 10:58:06.950124+00,true
,"<div class=""googft-info-window"">
<b>ID:</b> 150<br>
<b>Bureaux:</b> Thales near  Ottawa,  Ontario,  Canada
</div>",,,,,,,-1,,,150,"Thales near  Ottawa,  Ontario,  Canada",0101000020E610000042380B20A1EF52C0C38A09206BA54640,197,2013-11-07 10:54:44.207973+00,2013-11-07 10:58:06.950124+00,true
,"<div class=""googft-info-window"">
<b>ID:</b> 450<br>
<b>Bureaux:</b> Thales near  Oviedo,  Oviedo,  Spain
</div>",,,,,,,-1,,,450,"Thales near  Oviedo,  Oviedo,  Spain",0101000020E610000041930E208DA417C06DFDF49F35AE4540,198,2013-11-07 10:54:44.207973+00,2013-11-07 10:58:06.950124+00,true
,"<div class=""googft-info-window"">
<b>ID:</b> 645<br>
<b>Bureaux:</b> Thales near  Oxford,  South West,  United Kingdom
</div>",,,,,,,-1,,,645,"Thales near  Oxford,  South West,  United Kingdom",0101000020E6100000D8BB3FDEABD601C0D7DF12807FBC4940,199,2013-11-07 10:54:44.207973+00,2013-11-07 10:58:06.950124+00,true
,"<div class=""googft-info-window"">
<b>ID:</b> 605<br>
<b>Bureaux:</b> Thales near  Palermo,  Capital Federal,  Argentina
</div>",,,,,,,-1,,,605,"Thales near  Palermo,  Capital Federal,  Argentina",0101000020E6100000EF2312E04F364DC0217AADDFA74A41C0,202,2013-11-07 10:54:44.207973+00,2013-11-07 10:58:06.950124+00,true
,"<div class=""googft-info-window"">
<b>ID:</b> 653<br>
<b>Bureaux:</b> Thales near  Papakura,  Auckland,  New Zealand
</div>",,,,,,,-1,,,653,"Thales near  Papakura,  Auckland,  New Zealand",0101000020E61000000BB20A4048DF654080EB2F606E8642C0,203,2013-11-07 10:54:44.207973+00,2013-11-07 10:58:06.950124+00,true
,"<div class=""googft-info-window"">
<b>ID:</b> 62<br>
<b>Bureaux:</b> Thales near  Paris,  Région Parisienne,  France
</div>",,,,,,,-1,,,62,"Thales near  Paris,  Région Parisienne,  France",0101000020E61000004243FF04172BE4BF8B7159E086C24540,204,2013-11-07 10:54:44.207973+00,2013-11-07 10:58:06.950124+00,true
,"<div class=""googft-info-window"">
<b>ID:</b> 234<br>
<b>Bureaux:</b> Thales near  Pforzheim,  Baden-Württemberg,  Germany
</div>",,,,,,,-1,,,234,"Thales near  Pforzheim,  Baden-Württemberg,  Germany",0101000020E6100000118DEE20766621402C2CB81FF0714840,206,2013-11-07 10:54:44.207973+00,2013-11-07 10:58:06.950124+00,true
,"<div class=""googft-info-window"">
<b>ID:</b> 551<br>
<b>Bureaux:</b> Thales near  Pialligo,  Australian Capital Territory,  Australia
</div>",,,,,,,-1,,,551,"Thales near  Pialligo,  Australian Capital Territory,  Australia",0101000020E610000065F0E65FC1A56240F12FDD7FBFA641C0,207,2013-11-07 10:54:44.207973+00,2013-11-07 10:58:06.950124+00,true
,"<div class=""googft-info-window"">
<b>ID:</b> 613<br>
<b>Bureaux:</b> Thales near  Pittsburgh,  Pennsylvania,  United States
</div>",,,,,,,-1,,,613,"Thales near  Pittsburgh,  Pennsylvania,  United States",0101000020E6100000163834C0E00154C0FE5A03006C374440,208,2013-11-07 10:54:44.207973+00,2013-11-07 10:58:06.950124+00,true
,"<div class=""googft-info-window"">
<b>ID:</b> 63<br>
<b>Bureaux:</b> Thales near  Plaisir,  Région Parisienne,  France
</div>",,,,,,,-1,,,63,"Thales near  Plaisir,  Région Parisienne,  France",0101000020E610000058A76F3E1A63124022BB1CC06C7C4640,209,2013-11-07 10:54:44.207973+00,2013-11-07 10:58:06.950124+00,true
,"<div class=""googft-info-window"">
<b>ID:</b> 107<br>
<b>Bureaux:</b> Thales near  Plymouth,  South West,  United Kingdom
</div>",,,,,,,-1,,,107,"Thales near  Plymouth,  South West,  United Kingdom",0101000020E610000075BF547DF88B10C0A1681EC022304940,210,2013-11-07 10:54:44.207973+00,2013-11-07 10:58:06.950124+00,true
,"<div class=""googft-info-window"">
<b>ID:</b> 498<br>
<b>Bureaux:</b> Thales near  Prague,  Prague,  Czech Republic
</div>",,,,,,,-1,,,498,"Thales near  Prague,  Prague,  Czech Republic",0101000020E6100000E9F3ACFFCEDD2C40B42737401F0A4940,212,2013-11-07 10:54:44.207973+00,2013-11-07 10:58:06.950124+00,true
,"<div class=""googft-info-window"">
<b>ID:</b> 574<br>
<b>Bureaux:</b> Thales near  Puckapunyal  ,  Victoria,  Australia
</div>",,,,,,,-1,,,574,"Thales near  Puckapunyal  ,  Victoria,  Australia",0101000020E61000001146FD3F98216240F0879FFF1E8242C0,213,2013-11-07 10:54:44.207973+00,2013-11-07 10:58:06.950124+00,true
,"<div class=""googft-info-window"">
<b>ID:</b> 443<br>
<b>Bureaux:</b> Thales near  Puente Genil,  Cordoba,  Spain
</div>",,,,,,,-1,,,443,"Thales near  Puente Genil,  Cordoba,  Spain",0101000020E6100000B7EC10FFB00513C09FECC1FFB1B24240,214,2013-11-07 10:54:44.207973+00,2013-11-07 10:58:06.950124+00,true
,"<div class=""googft-info-window"">
<b>ID:</b> 440<br>
<b>Bureaux:</b> Thales near  Puertollano,  Ciudad Real,  Spain
</div>",,,,,,,-1,,,440,"Thales near  Puertollano,  Ciudad Real,  Spain",0101000020E61000000DDC268172C00EC0D9E89C9FE25D4340,215,2013-11-07 10:54:44.207973+00,2013-11-07 10:58:06.950124+00,true
,"<div class=""googft-info-window"">
<b>ID:</b> 64<br>
<b>Bureaux:</b> Thales near  Puteaux,  Région Parisienne,  France
</div>",,,,,,,-1,,,64,"Thales near  Puteaux,  Région Parisienne,  France",0101000020E610000025CCB4FD2BEB01405A7F4B00FE704840,216,2013-11-07 10:54:44.207973+00,2013-11-07 10:58:06.950124+00,true
,"<div class=""googft-info-window"">
<b>ID:</b> 382<br>
<b>Bureaux:</b> Thales near  Quebec City,  Québec,  Canada
</div>",,,,,,,-1,,,382,"Thales near  Quebec City,  Québec,  Canada",0101000020E610000048F8DEDFA0DA51C0A90E5E60FB6B4740,218,2013-11-07 10:54:44.207973+00,2013-11-07 10:58:06.950124+00,true
,"<div class=""googft-info-window"">
<b>ID:</b> 151<br>
<b>Bureaux:</b> Thales near  Québec,  Québec,  Canada
</div>",,,,,,,-1,,,151,"Thales near  Québec,  Québec,  Canada",0101000020E61000008432E8DF09CE51C02B323A2009684740,217,2013-11-07 10:54:44.207973+00,2013-11-07 10:58:06.950124+00,true
,"<div class=""googft-info-window"">
<b>ID:</b> 220<br>
<b>Bureaux:</b> Thales near  Rabat,  Rabat-Sale-Zemmour-Zaer,  Morocco
</div>",,,,,,,-1,,,220,"Thales near  Rabat,  Rabat-Sale-Zemmour-Zaer,  Morocco",0101000020E61000005BB0F95D7D611BC07ABE0B00FA024140,219,2013-11-07 10:54:44.207973+00,2013-11-07 10:58:06.950124+00,true
,"<div class=""googft-info-window"">
<b>ID:</b> 65<br>
<b>Bureaux:</b> Thales near  Rambouillet,  Région Parisienne,  France
</div>",,,,,,,-1,,,65,"Thales near  Rambouillet,  Région Parisienne,  France",0101000020E6100000B81E85EB5138FD3FFBA6FADF5B524840,220,2013-11-07 10:54:44.207973+00,2013-11-07 10:58:06.950124+00,true
,"<div class=""googft-info-window"">
<b>ID:</b> 232<br>
<b>Bureaux:</b> Thales near  Raynes Park,  South East,  United Kingdom
</div>",,,,,,,-1,,,232,"Thales near  Raynes Park,  South East,  United Kingdom",0101000020E6100000E6E8F17B9BFECCBF739769A09EB44940,221,2013-11-07 10:54:44.207973+00,2013-11-07 10:58:06.950124+00,true
,"<div class=""googft-info-window"">
<b>ID:</b> 34<br>
<b>Bureaux:</b> Thales near  Rennes,  Bretagne,  France
</div>",,,,,,,-1,,,34,"Thales near  Rennes,  Bretagne,  France",0101000020E6100000299DFEA2BAEFFABF84C8D8BFA10D4840,223,2013-11-07 10:54:44.207973+00,2013-11-07 10:58:06.950124+00,true
,"<div class=""googft-info-window"">
<b>ID:</b> 179<br>
<b>Bureaux:</b> Thales near  Rio de Janeiro,  Rio de Janeiro,  Brazil
</div>",,,,,,,-1,,,179,"Thales near  Rio de Janeiro,  Rio de Janeiro,  Brazil",0101000020E61000004FF6E0FFD8D345C0A97BAE00F0FB36C0,224,2013-11-07 10:54:44.207973+00,2013-11-07 10:58:06.950124+00,true
,"<div class=""googft-info-window"">
<b>ID:</b> 471<br>
<b>Bureaux:</b> Thales near  Riyadh,  North Riyadh,  Saudi Arabia
</div>",,,,,,,-1,,,471,"Thales near  Riyadh,  North Riyadh,  Saudi Arabia",0101000020E6100000B37FF9BF7E5B4740A4B217C04AB03840,225,2013-11-07 10:54:44.207973+00,2013-11-07 10:58:06.950124+00,true
,"<div class=""googft-info-window"">
<b>ID:</b> 575<br>
<b>Bureaux:</b> Thales near  Rockingham,  Western Australia,  Australia
</div>",,,,,,,-1,,,575,"Thales near  Rockingham,  Western Australia,  Australia",0101000020E6100000AD293520E7F05C40FA3F2C40802040C0,226,2013-11-07 10:54:44.207973+00,2013-11-07 10:58:06.950124+00,true
,"<div class=""googft-info-window"">
<b>ID:</b> 205<br>
<b>Bureaux:</b> Thales near  Rome,  Latium,  Italy
</div>",,,,,,,-1,,,205,"Thales near  Rome,  Latium,  Italy",0101000020E6100000AEB6627FD9FD2840A795422097F34440,227,2013-11-07 10:54:44.207973+00,2013-11-07 10:58:06.950124+00,true
,"<div class=""googft-info-window"">
<b>ID:</b> 405<br>
<b>Bureaux:</b> Thales near  Rostock,  Mecklenburg-Vorpommern,  Germany
</div>",,,,,,,-1,,,405,"Thales near  Rostock,  Mecklenburg-Vorpommern,  Germany",0101000020E610000067AA7180AA432840A937FE9F1E0A4B40,228,2013-11-07 10:54:44.207973+00,2013-11-07 10:58:06.950124+00,true
,"<div class=""googft-info-window"">
<b>ID:</b> 39<br>
<b>Bureaux:</b> Thales near  Rouen,  France Nord,  France
</div>",,,,,,,-1,,,39,"Thales near  Rouen,  France Nord,  France",0101000020E6100000A43DB901FAF8F03F7539252026B84840,229,2013-11-07 10:54:44.207973+00,2013-11-07 10:58:06.950124+00,true
,"<div class=""googft-info-window"">
<b>ID:</b> 491<br>
<b>Bureaux:</b> Thales near  Rydalmere ,  New South Wales,  Australia
</div>",,,,,,,-1,,,491,"Thales near  Rydalmere ,  New South Wales,  Australia",0101000020E610000063B5F97F55E16240B170ED9F02E840C0,232,2013-11-07 10:54:44.207973+00,2013-11-07 10:58:06.950124+00,true
,"<div class=""googft-info-window"">
<b>ID:</b> 136<br>
<b>Bureaux:</b> Thales near  Safat,  Kuwait,  Kuwait
</div>",,,,,,,-1,,,136,"Thales near  Safat,  Kuwait,  Kuwait",0101000020E6100000D395198057FC4740BF02E2BF8A5F3D40,233,2013-11-07 10:54:44.207973+00,2013-11-07 10:58:06.950124+00,true
,"<div class=""googft-info-window"">
<b>ID:</b> 115<br>
<b>Bureaux:</b> Thales near  Saint Asaph,  Wales,  United Kingdom
</div>",,,,,,,-1,,,115,"Thales near  Saint Asaph,  Wales,  United Kingdom",0101000020E610000073637AC2128F0BC01CF80780E0A04A40,234,2013-11-07 10:54:44.207973+00,2013-11-07 10:58:06.950124+00,true
,"<div class=""googft-info-window"">
<b>ID:</b> 83<br>
<b>Bureaux:</b> Thales near  Saint Héand,  Rhône-Alpes,  France
</div>",,,,,,,-1,,,83,"Thales near  Saint Héand,  Rhône-Alpes,  France",0101000020E6100000C88F42A3857D11409F56D11F9AC34640,235,2013-11-07 10:54:44.207973+00,2013-11-07 10:58:06.950124+00,true
,"<div class=""googft-info-window"">
<b>ID:</b> 108<br>
<b>Bureaux:</b> Thales near  Salisbury,  South West,  United Kingdom
</div>",,,,,,,-1,,,108,"Thales near  Salisbury,  South West,  United Kingdom",0101000020E61000003D49BA66F2CDFCBFBAA9DC9FE6884940,236,2013-11-07 10:54:44.207973+00,2013-11-07 10:58:06.950124+00,true
,"<div class=""googft-info-window"">
<b>ID:</b> 624<br>
<b>Bureaux:</b> Thales near  San  Isidro,  Bs As,  Argentina
</div>",,,,,,,-1,,,624,"Thales near  San  Isidro,  Bs As,  Argentina",0101000020E61000003C0E2840396D50C068E89FE062753CC0,237,2013-11-07 10:54:44.207973+00,2013-11-07 10:58:06.950124+00,true
,"<div class=""googft-info-window"">
<b>ID:</b> 446<br>
<b>Bureaux:</b> Thales near  San José de la Rinconada,  Sevilla,  Spain
</div>",,,,,,,-1,,,446,"Thales near  San José de la Rinconada,  Sevilla,  Spain",0101000020E61000009764D30094CD17C04C3F975FBCBD4240,238,2013-11-07 10:54:44.207973+00,2013-11-07 10:58:06.950124+00,true
,"<div class=""googft-info-window"">
<b>ID:</b> 619<br>
<b>Bureaux:</b> Thales near  San Telmo,  Capital Federal,  Argentina
</div>",,,,,,,-1,,,619,"Thales near  San Telmo,  Capital Federal,  Argentina",0101000020E610000085DA25602A2F4DC071DA9DFF684F41C0,239,2013-11-07 10:54:44.207973+00,2013-11-07 10:58:06.950124+00,true
,"<div class=""googft-info-window"">
<b>ID:</b> 473<br>
<b>Bureaux:</b> Thales near  Santo Domingo,  Santo Domingo,  Dominican Republic
</div>",,,,,,,-1,,,473,"Thales near  Santo Domingo,  Santo Domingo,  Dominican Republic",0101000020E6100000575EF23F797951C0EF6481C014833240,241,2013-11-07 10:54:44.207973+00,2013-11-07 10:58:06.950124+00,true
,"<div class=""googft-info-window"">
<b>ID:</b> 247<br>
<b>Bureaux:</b> Thales near  Seattle,  Washington,  United States
</div>",,,,,,,-1,,,247,"Thales near  Seattle,  Washington,  United States",0101000020E61000007845F0BF15955EC091F0BDBF41CD4740,242,2013-11-07 10:54:44.207973+00,2013-11-07 10:58:06.950124+00,true
,"<div class=""googft-info-window"">
<b>ID:</b> 164<br>
<b>Bureaux:</b> Thales near  Shawnee,  Kansas,  United States
</div>",,,,,,,-1,,,164,"Thales near  Shawnee,  Kansas,  United States",0101000020E6100000D675036097AE57C0357A3540697F4340,244,2013-11-07 10:54:44.207973+00,2013-11-07 10:58:06.950124+00,true
,"<div class=""googft-info-window"">
<b>ID:</b> 542<br>
<b>Bureaux:</b> Thales near  Singapore,  Singapore,  Singapore
</div>",,,,,,,-1,,,542,"Thales near  Singapore,  Singapore,  Singapore",0101000020E6100000BB511A2087F6594024C511B57EA4F43F,246,2013-11-07 10:54:44.207973+00,2013-11-07 10:58:06.950124+00,true
,"<div class=""googft-info-window"">
<b>ID:</b> 576<br>
<b>Bureaux:</b> Thales near  Singleton,  New South Wales,  Australia
</div>",,,,,,,-1,,,576,"Thales near  Singleton,  New South Wales,  Australia",0101000020E61000006A49EC7FA5E562406D6A45402A4840C0,247,2013-11-07 10:54:44.207973+00,2013-11-07 10:58:06.950124+00,true
,"<div class=""googft-info-window"">
<b>ID:</b> 79<br>
<b>Bureaux:</b> Thales near  Sophia Antipolis,  PACA,  France
</div>",,,,,,,-1,,,79,"Thales near  Sophia Antipolis,  PACA,  France",0101000020E610000041086DDEDD3F1C4027D3B2FF4BCD4540,249,2013-11-07 10:54:44.207973+00,2013-11-07 10:58:06.950124+00,true
,"<div class=""googft-info-window"">
<b>ID:</b> 239<br>
<b>Bureaux:</b> Thales near  Southampton,  South East,  United Kingdom
</div>",,,,,,,-1,,,239,"Thales near  Southampton,  South East,  United Kingdom",0101000020E610000016551A8C6CA2F5BFB3EC496073754940,251,2013-11-07 10:54:44.207973+00,2013-11-07 10:58:06.950124+00,true
,"<div class=""googft-info-window"">
<b>ID:</b> 557<br>
<b>Bureaux:</b> Thales near  South Arm ,  Tasmania,  Australia
</div>",,,,,,,-1,,,557,"Thales near  South Arm ,  Tasmania,  Australia",0101000020E610000013550960546D6240156756009D8345C0,250,2013-11-07 10:54:44.207973+00,2013-11-07 10:58:06.950124+00,true
,"<div class=""googft-info-window"">
<b>ID:</b> 104<br>
<b>Bureaux:</b> Thales near  Staines,  South East,  United Kingdom
</div>",,,,,,,-1,,,104,"Thales near  Staines,  South East,  United Kingdom",0101000020E610000011FC6F253B36E0BFCE3C1460B3B74940,254,2013-11-07 10:54:44.207973+00,2013-11-07 10:58:06.950124+00,true
,"<div class=""googft-info-window"">
<b>ID:</b> 153<br>
<b>Bureaux:</b> Thales near  St Laurent,  Québec,  Canada
</div>",,,,,,,-1,,,153,"Thales near  St Laurent,  Québec,  Canada",0101000020E6100000D60BF43FAF6C52C0465964E025C14640,252,2013-11-07 10:54:44.207973+00,2013-11-07 10:58:06.950124+00,true
,"<div class=""googft-info-window"">
<b>ID:</b> 577<br>
<b>Bureaux:</b> Thales near  St Marys,  New South Wales,  Australia
</div>",,,,,,,-1,,,577,"Thales near  St Marys,  New South Wales,  Australia",0101000020E61000000EFC0340B0D862407CF9F8DFA5DF40C0,253,2013-11-07 10:54:44.207973+00,2013-11-07 10:58:06.950124+00,true
,"<div class=""googft-info-window"">
<b>ID:</b> 126<br>
<b>Bureaux:</b> Thales near  Stuttgart,  Baden-Württemberg,  Germany
</div>",,,,,,,-1,,,126,"Thales near  Stuttgart,  Baden-Württemberg,  Germany",0101000020E6100000F01D90DF366222404CAF2880BD644840,257,2013-11-07 10:54:44.207973+00,2013-11-07 10:58:06.950124+00,true
,"<div class=""googft-info-window"">
<b>ID:</b> 109<br>
<b>Bureaux:</b> Thales near  Taunton,  South West,  United Kingdom
</div>",,,,,,,-1,,,109,"Thales near  Taunton,  South West,  United Kingdom",0101000020E61000008748F201269508C0B26DAC1FF6814940,258,2013-11-07 10:54:44.207973+00,2013-11-07 10:58:06.950124+00,true
,"<div class=""googft-info-window"">
<b>ID:</b> 202<br>
<b>Bureaux:</b> Thales near  Tehran,  Tehran,  Iran
</div>",,,,,,,-1,,,202,"Thales near  Tehran,  Tehran,  Iran",0101000020E61000003B63A93F0C7249408C6BD7DF6D524140,259,2013-11-07 10:54:44.207973+00,2013-11-07 10:58:06.950124+00,true
,"<div class=""googft-info-window"">
<b>ID:</b> 110<br>
<b>Bureaux:</b> Thales near  Templecombe,  South West,  United Kingdom
</div>",,,,,,,-1,,,110,"Thales near  Templecombe,  South West,  United Kingdom",0101000020E610000089D2DEE00B5303C0915D0E6036804940,260,2013-11-07 10:54:44.207973+00,2013-11-07 10:58:06.950124+00,true
,"<div class=""googft-info-window"">
<b>ID:</b> 520<br>
<b>Bureaux:</b> Thales near  Tirana,  Tirana,  Albania
</div>",,,,,,,-1,,,520,"Thales near  Tirana,  Tirana,  Albania",0101000020E61000008DCF64FF3CD3334091F0BDBF41A94440,263,2013-11-07 10:54:44.207973+00,2013-11-07 10:58:06.950124+00,true
,"<div class=""googft-info-window"">
<b>ID:</b> 208<br>
<b>Bureaux:</b> Thales near  Tokyo,  Tokyo,  Japan
</div>",,,,,,,-1,,,208,"Thales near  Tokyo,  Tokyo,  Japan",0101000020E6100000B9D8FEDFE2796140B3EC496073D74140,264,2013-11-07 10:54:44.207973+00,2013-11-07 10:58:06.950124+00,true
,"<div class=""googft-info-window"">
<b>ID:</b> 451<br>
<b>Bureaux:</b> Thales near  Toledo,  Toledo,  Spain
</div>",,,,,,,-1,,,451,"Thales near  Toledo,  Toledo,  Spain",0101000020E61000001C6217A0C86557C018B49080D1273F40,265,2013-11-07 10:54:44.207973+00,2013-11-07 10:58:06.950124+00,true
,"<div class=""googft-info-window"">
<b>ID:</b> 384<br>
<b>Bureaux:</b> Thales near  Toronto,  Ontario,  Canada
</div>",,,,,,,-1,,,384,"Thales near  Toronto,  Ontario,  Canada",0101000020E610000050CAFF3FA9D853C057F1A19F04D34540,267,2013-11-07 10:54:44.207973+00,2013-11-07 10:58:06.950124+00,true
,"<div class=""googft-info-window"">
<b>ID:</b> 160<br>
<b>Bureaux:</b> Thales near  Totowa,  New Jersey,  United States
</div>",,,,,,,-1,,,160,"Thales near  Totowa,  New Jersey,  United States",0101000020E6100000EFB902C0E78D52C0385D60A0B5734440,268,2013-11-07 10:54:44.207973+00,2013-11-07 10:58:06.950124+00,true
,"<div class=""googft-info-window"">
<b>ID:</b> 80<br>
<b>Bureaux:</b> Thales near  Toulon,  PACA,  France
</div>",,,,,,,-1,,,80,"Thales near  Toulon,  PACA,  France",0101000020E61000003E2883FE9DB81740D1B2EE1F0B904540,269,2013-11-07 10:54:44.207973+00,2013-11-07 10:58:06.950124+00,true
,"<div class=""googft-info-window"">
<b>ID:</b> 72<br>
<b>Bureaux:</b> Thales near  Toulouse,  Sud Ouest,  France
</div>",,,,,,,-1,,,72,"Thales near  Toulouse,  Sud Ouest,  France",0101000020E6100000DAF85D2228E8F63F68A730009ECC4540,270,2013-11-07 10:54:44.207973+00,2013-11-07 10:58:06.950124+00,true
,"<div class=""googft-info-window"">
<b>ID:</b> 580<br>
<b>Bureaux:</b> Thales near  Townsville,  Queensland,  Australia
</div>",,,,,,,-1,,,580,"Thales near  Townsville,  Queensland,  Australia",0101000020E610000024C7E75F9C576240149337C0CC4D33C0,271,2013-11-07 10:54:44.207973+00,2013-11-07 10:58:06.950124+00,true
,"<div class=""googft-info-window"">
<b>ID:</b> 652<br>
<b>Bureaux:</b> Thales near  Trentham,  Wellington,  New Zealand
</div>",,,,,,,-1,,,652,"Thales near  Trentham,  Wellington,  New Zealand",0101000020E6100000CC2D0840B7E16540170C5300319244C0,272,2013-11-07 10:54:44.207973+00,2013-11-07 10:58:06.950124+00,true
,"<div class=""googft-info-window"">
<b>ID:</b> 435<br>
<b>Bureaux:</b> Thales near  Tres Cantos,  Madrid,  Spain
</div>",,,,,,,-1,,,435,"Thales near  Tres Cantos,  Madrid,  Spain",0101000020E6100000B9C2BB5CC4C70DC0E63FA4DFBE4F4440,273,2013-11-07 10:54:44.207973+00,2013-11-07 10:58:06.950124+00,true
,"<div class=""googft-info-window"">
<b>ID:</b> 593<br>
<b>Bureaux:</b> Thales near  Tubize,  Wallonie,  Belgium
</div>",,,,,,,-1,,,593,"Thales near  Tubize,  Wallonie,  Belgium",0101000020E6100000E15D2EE23BD11040CA1EFC1FBB584940,275,2013-11-07 10:54:44.207973+00,2013-11-07 10:58:06.950124+00,true
,"<div class=""googft-info-window"">
<b>ID:</b> 552<br>
<b>Bureaux:</b> Thales near  Turner,  Australian Capital Territory,  Australia
</div>",,,,,,,-1,,,552,"Thales near  Turner,  Australian Capital Territory,  Australia",0101000020E61000003B66EABF18A4624037B2E19F08A241C0,276,2013-11-07 10:54:44.207973+00,2013-11-07 10:58:06.950124+00,true
,"<div class=""googft-info-window"">
<b>ID:</b> 386<br>
<b>Bureaux:</b> Thales near  Val-Belair,  Québec,  Canada
</div>",,,,,,,-1,,,386,"Thales near  Val-Belair,  Québec,  Canada",0101000020E6100000631F09A0BDDA51C0D257EB1F9F6D4740,278,2013-11-07 10:54:44.207973+00,2013-11-07 10:58:06.950124+00,true
,"<div class=""googft-info-window"">
<b>ID:</b> 77<br>
<b>Bureaux:</b> Thales near  Valence,  Rhône-Alpes,  France
</div>",,,,,,,-1,,,77,"Thales near  Valence,  Rhône-Alpes,  France",0101000020E6100000C9AAAD7DA69315402B5899DF1F1B4640,279,2013-11-07 10:54:44.207973+00,2013-11-07 10:58:06.950124+00,true
,"<div class=""googft-info-window"">
<b>ID:</b> 456<br>
<b>Bureaux:</b> Thales near  Valladolid,  Valladolid,  Spain
</div>",,,,,,,-1,,,456,"Thales near  Valladolid,  Valladolid,  Spain",0101000020E61000004B4B9B60EE7911C0F89A2F40ECCF4440,280,2013-11-07 10:54:44.207973+00,2013-11-07 10:58:06.950124+00,true
,"<div class=""googft-info-window"">
<b>ID:</b> 432<br>
<b>Bureaux:</b> Thales near  Vanzago,  Lombardia,  Italy
</div>",,,,,,,-1,,,432,"Thales near  Vanzago,  Lombardia,  Italy",0101000020E61000001844FF5FD0FD214094AA48E06AC34640,281,2013-11-07 10:54:44.207973+00,2013-11-07 10:58:06.950124+00,true
,"<div class=""googft-info-window"">
<b>ID:</b> 38<br>
<b>Bureaux:</b> Thales near  Vendôme,  Centre,  France
</div>",,,,,,,-1,,,38,"Thales near  Vendôme,  Centre,  France",0101000020E6100000E3D8C4138B09F13F8CDB68006FE54740,283,2013-11-07 10:54:44.207973+00,2013-11-07 10:58:06.950124+00,true
,"<div class=""googft-info-window"">
<b>ID:</b> 434<br>
<b>Bureaux:</b> Thales near  Vergiate,  Lombardia,  Italy
</div>",,,,,,,-1,,,434,"Thales near  Vergiate,  Lombardia,  Italy",0101000020E6100000C4A2D8C00C642140877CE1DFB1DC4640,284,2013-11-07 10:54:44.207973+00,2013-11-07 10:58:06.950124+00,true
,"<div class=""googft-info-window"">
<b>ID:</b> 480<br>
<b>Bureaux:</b> Thales near  Vienna,  Vienna,  Austria
</div>",,,,,,,-1,,,480,"Thales near  Vienna,  Vienna,  Austria",0101000020E61000007DCAD69F695E3040048B68E0EC194840,285,2013-11-07 10:54:44.207973+00,2013-11-07 10:58:06.950124+00,true
,"<div class=""googft-info-window"">
<b>ID:</b> 442<br>
<b>Bureaux:</b> Thales near  Villanueva de Cordoba,  Cordoba,  Spain
</div>",,,,,,,-1,,,442,"Thales near  Villanueva de Cordoba,  Cordoba,  Spain",0101000020E6100000D89F1FA1C12113C0392BFDDF6CF54240,286,2013-11-07 10:54:44.207973+00,2013-11-07 10:58:06.950124+00,true
,"<div class=""googft-info-window"">
<b>ID:</b> 437<br>
<b>Bureaux:</b> Thales near  Villaseca de La Sagra,  Toledo,  Spain
</div>",,,,,,,-1,,,437,"Thales near  Villaseca de La Sagra,  Toledo,  Spain",0101000020E6100000FDC28602110D0FC07F1711209EFA4340,287,2013-11-07 10:54:44.207973+00,2013-11-07 10:58:06.950124+00,true
,"<div class=""googft-info-window"">
<b>ID:</b> 418<br>
<b>Bureaux:</b> Thales near  Vimodrone (MI),  Lombardia,  Italy
</div>",,,,,,,-1,,,418,"Thales near  Vimodrone (MI),  Lombardia,  Italy",0101000020E610000055E5D6FF949122407707C25FDDC14640,288,2013-11-07 10:54:44.207973+00,2013-11-07 10:58:06.950124+00,true
,"<div class=""googft-info-window"">
<b>ID:</b> 562<br>
<b>Bureaux:</b> Thales near  Wallangarra ,  Queensland,  Australia
</div>",,,,,,,-1,,,562,"Thales near  Wallangarra ,  Queensland,  Australia",0101000020E61000008B30EAFFC1FD624070B77FC05EEC3CC0,289,2013-11-07 10:54:44.207973+00,2013-11-07 10:58:06.950124+00,true
,"<div class=""googft-info-window"">
<b>ID:</b> 89<br>
<b>Bureaux:</b> Thales near  Walton-ON-Thames,  London,  United Kingdom
</div>",,,,,,,-1,,,89,"Thales near  Walton-ON-Thames,  London,  United Kingdom",0101000020E6100000CC7A319413EDDABFB19CCE5F32B14940,291,2013-11-07 10:54:44.207973+00,2013-11-07 10:58:06.950124+00,true
,"<div class=""googft-info-window"">
<b>ID:</b> 485<br>
<b>Bureaux:</b> Thales near  Warszawa,  Warszawa,  Poland
</div>",,,,,,,-1,,,485,"Thales near  Warszawa,  Warszawa,  Poland",0101000020E610000040964FA099013540FFC1D19F471D4A40,292,2013-11-07 10:54:44.207973+00,2013-11-07 10:58:06.950124+00,true
,"<div class=""googft-info-window"">
<b>ID:</b> 638<br>
<b>Bureaux:</b> Thales near  Wellington,  Wellington,  New Zealand
</div>",,,,,,,-1,,,638,"Thales near  Wellington,  Wellington,  New Zealand",0101000020E61000004264ECDFD0D86540D53A1680EBAA44C0,293,2013-11-07 10:54:44.207973+00,2013-11-07 10:58:06.950124+00,true
,"<div class=""googft-info-window"">
<b>ID:</b> 111<br>
<b>Bureaux:</b> Thales near  Wells,  South West,  United Kingdom
</div>",,,,,,,-1,,,111,"Thales near  Wells,  South West,  United Kingdom",0101000020E6100000C95A9E62302A05C06ED45460129B4940,294,2013-11-07 10:54:44.207973+00,2013-11-07 10:58:06.950124+00,true
,"<div class=""googft-info-window"">
<b>ID:</b> 166<br>
<b>Bureaux:</b> Thales near  Weston,  Florida,  United States
</div>",,,,,,,-1,,,166,"Thales near  Weston,  Florida,  United States",0101000020E6100000FD1F1620C01754C03D9B559FAB153A40,295,2013-11-07 10:54:44.207973+00,2013-11-07 10:58:06.950124+00,true
,"<div class=""googft-info-window"">
<b>ID:</b> 90<br>
<b>Bureaux:</b> Thales near  Weybridge,  London,  United Kingdom
</div>",,,,,,,-1,,,90,"Thales near  Weybridge,  London,  United Kingdom",0101000020E61000000A455FE6E03EC4BF4E4EA37F38BC4940,296,2013-11-07 10:54:44.207973+00,2013-11-07 10:58:06.950124+00,true
,"<div class=""googft-info-window"">
<b>ID:</b> 395<br>
<b>Bureaux:</b> Thales near  Wilhelmshaven,  Niedersachsen,  Germany
</div>",,,,,,,-1,,,395,"Thales near  Wilhelmshaven,  Niedersachsen,  Germany",0101000020E61000000C3CF71E2E39204094D0A79F81C24A40,297,2013-11-07 10:54:44.207973+00,2013-11-07 10:58:06.950124+00,true
,"<div class=""googft-info-window"">
<b>ID:</b> 582<br>
<b>Bureaux:</b> Thales near  Williamtown,  New South Wales,  Australia
</div>",,,,,,,-1,,,582,"Thales near  Williamtown,  New South Wales,  Australia",0101000020E610000042CEFBFF38FB62408D806500036740C0,298,2013-11-07 10:54:44.207973+00,2013-11-07 10:58:06.950124+00,true
,"<div class=""googft-info-window"">
<b>ID:</b> 554<br>
<b>Bureaux:</b> Thales near  Winnellie,  Northern Territory,  Australia
</div>",,,,,,,-1,,,554,"Thales near  Winnellie,  Northern Territory,  Australia",0101000020E6100000A937FE9F9E5C6040AF15230159DA28C0,299,2013-11-07 10:54:44.207973+00,2013-11-07 10:58:06.950124+00,true
,"<div class=""googft-info-window"">
<b>ID:</b> 581<br>
<b>Bureaux:</b> Thales near  Wollstonecraft,  New South Wales,  Australia
</div>",,,,,,,-1,,,581,"Thales near  Wollstonecraft,  New South Wales,  Australia",0101000020E61000002C0318E04CE66240687B4F406EEA40C0,300,2013-11-07 10:54:44.207973+00,2013-11-07 10:58:06.950124+00,true
,"<div class=""googft-info-window"">
<b>ID:</b> 633<br>
<b>Bureaux:</b> Thales near  Yanbu,  Yanbu,  Saudi Arabia
</div>",,,,,,,-1,,,633,"Thales near  Yanbu,  Yanbu,  Saudi Arabia",0101000020E6100000690BBE1F6D0043400750429F7E1E3840,301,2013-11-07 10:54:44.207973+00,2013-11-07 10:58:06.950124+00,true
,"<div class=""googft-info-window"">
<b>ID:</b> 92<br>
<b>Bureaux:</b> Thales near  York,  North East,  United Kingdom
</div>",,,,,,,-1,,,92,"Thales near  York,  North East,  United Kingdom",0101000020E61000002F51BD35B055F1BFA9A10DC006FA4A40,302,2013-11-07 10:54:44.207973+00,2013-11-07 10:58:06.950124+00,true
,"<div class=""googft-info-window"">
<b>ID:</b> 647<br>
<b>Bureaux:</b> Thales near  Zurich,  Zurich,  Switzerland
</div>",,,,,,,-1,,,647,"Thales near  Zurich,  Zurich,  Switzerland",0101000020E61000009D70653F41142140E3A029E043B04740,305,2013-11-07 10:54:44.207973+00,2013-11-07 10:58:06.950124+00,true
