the_geom,id,bureaux,region_country,name,country,created_at,updated_at,cartodb_ge,cartodb_id
0101000020E61000002B346B84D97F04C01EA9CF1FE4C04940,236,"Thales near  Abbey Wood - Bristol,  South East,  United Kingdom","Abbey Wood - Bristol,  South East,  United Kingdom","Abbey Wood - Bristol,  South East",United Kingdom,2013-11-08,2013-11-08,1,1
0101000020E61000003265A71FD43B4B40D6ADAFBF36683840,535,"Thales near  Abu Dhabi,  Abu Dhabi,  United Arab Emirates","Abu Dhabi,  Abu Dhabi,  United Arab Emirates","Abu Dhabi,  Abu Dhabi",United Arab Emirates,2013-11-08,2013-11-08,1,2
0101000020E6100000E1B034F0A31AE0BF47CF3EA07DAE4940,237,"Thales near  Addlestone,  Surrey,  United Kingdom","Addlestone,  Surrey,  United Kingdom","Addlestone,  Surrey",United Kingdom,2013-11-08,2013-11-08,1,3
0101000020E61000002A195B632B130140B771304047A64640,78,"Thales near  Aix,  PACA,  France","Aix,  PACA,  France","Aix,  PACA",France,2013-11-08,2013-11-08,1,4
0101000020E6100000F16D0BE0F78256C02B29779FE3F13D40,169,"Thales near  Algiers,  Algiers,  Algeria","Algiers,  Algiers,  Algeria","Algiers,  Algiers",Algeria,2013-11-08,2013-11-08,1,5
0101000020E6100000B0DAFCBFEA156340727F9AFFFCA33BC0,544,"Thales near  Amberley ,  Queensland,  Australia","Amberley ,  Queensland,  Australia","Amberley ,  Queensland",Australia,2013-11-08,2013-11-08,1,6
0101000020E61000004E19FF3EE33212C0F4E3E59FCF5A4240,445,"Thales near  Antequera,  Malaga,  Spain","Antequera,  Malaga,  Spain","Antequera,  Malaga",Spain,2013-11-08,2013-11-08,1,7
0101000020E61000006EBD01C177C61140C1B3A95F8E994940,592,"Thales near  Antwerpen,  Vlanderen,  Belgium","Antwerpen,  Vlanderen,  Belgium","Antwerpen,  Vlanderen",Belgium,2013-11-08,2013-11-08,1,8
,40,"Thales near  Arcueil,  Région Parisienne,  France","Arcueil,  Région Parisienne,  France","Arcueil,  Région Parisienne",France,2013-11-08,2013-11-08,0,9
0101000020E6100000556133C0854553C0E3DE5740FC714340,648,"Thales near  Arlington,  Virginia,  United States","Arlington,  Virginia,  United States","Arlington,  Virginia",United States,2013-11-08,2013-11-08,1,10
0101000020E6100000628918C0A5E5254071ECEA9FF16A4940,399,"Thales near  Arnstadt,  Thüringen,  Germany","Arnstadt,  Thüringen,  Germany","Arnstadt,  Thüringen",Germany,2013-11-08,2013-11-08,1,11
0101000020E6100000D5F0E31E010A15401C5C959FAF204640,250,"Thales near  Aubagne,  PACA,  France","Aubagne,  PACA,  France","Aubagne,  PACA",France,2013-11-08,2013-11-08,1,12
0101000020E610000090F3FE3F0ED86540C8E30E400F7242C0,640,"Thales near  Auckland,  Auckland,  New Zealand","Auckland,  Auckland,  New Zealand","Auckland,  Auckland",New Zealand,2013-11-08,2013-11-08,1,13
0101000020E61000009213ED2AA4FCE9BF6984D95FD1E84940,112,"Thales near  Aylesbury,  Thames Valley,  United Kingdom","Aylesbury,  Thames Valley,  United Kingdom","Aylesbury,  Thames Valley",United Kingdom,2013-11-08,2013-11-08,1,14
0101000020E61000004112AC600A6D234064315640466F4940,122,"Thales near  Bad Hersfeld,  Hessen,  Germany","Bad Hersfeld,  Hessen,  Germany","Bad Hersfeld,  Hessen",Germany,2013-11-08,2013-11-08,1,15
0101000020E61000007853910A630BFC3F8E1C9F7F71974740,41,"Thales near  Bagneux,  Région Parisienne,  France","Bagneux,  Région Parisienne,  France","Bagneux,  Région Parisienne",France,2013-11-08,2013-11-08,1,16
0101000020E6100000A065DD3F16205340E677503F5E1A2840,674,"Thales near  Bangalore,  Karnataka,  India","Bangalore,  Karnataka,  India","Bangalore,  Karnataka",India,2013-11-08,2013-11-08,1,17
0101000020E610000089A658DA4E7001409AA84A00A3AF4440,449,"Thales near  Barcelona,  Barcelona,  Spain","Barcelona,  Barcelona,  Spain","Barcelona,  Barcelona",Spain,2013-11-08,2013-11-08,1,18
0101000020E610000095B3D2FFCD314DC0D3FF28A03F5341C0,615,"Thales near  Barracas,  Capital Federal,  Argentina","Barracas,  Capital Federal,  Argentina","Barracas,  Capital Federal",Argentina,2013-11-08,2013-11-08,1,19
0101000020E6100000206C787AA52CF1BFE88CDE5FF3A14940,98,"Thales near  Basingstoke,  South East,  United Kingdom","Basingstoke,  South East,  United Kingdom","Basingstoke,  South East",United Kingdom,2013-11-08,2013-11-08,1,20
,185,"Thales near  Beijing,  Beijing,  China","Beijing,  Beijing,  China","Beijing,  Beijing",China,2013-11-08,2013-11-08,0,21
0101000020E61000009967DB1FDEC041407AFC3960B2F24040,210,"Thales near  Beirut,  Lebanon,  Lebanon","Beirut,  Lebanon,  Lebanon","Beirut,  Lebanon",Lebanon,2013-11-08,2013-11-08,1,22
0101000020E6100000EB3598E19AD617C01AF80780E04B4B40,95,"Thales near  Belfast,  Northern Ireland,  United Kingdom","Belfast,  Northern Ireland,  United Kingdom","Belfast,  Northern Ireland",United Kingdom,2013-11-08,2013-11-08,1,23
,525,"Thales near  Belgrade,  Belgrade,  Serbia","Belgrade,  Belgrade,  Serbia","Belgrade,  Belgrade",Serbia,2013-11-08,2013-11-08,0,24
0101000020E610000041380B20219F32407368476062F340C0,601,"Thales near  Belville,  Western Cape,  South Africa","Belville,  Western Cape,  South Africa","Belville,  Western Cape",South Africa,2013-11-08,2013-11-08,1,25
0101000020E61000004A71FA1F853F6240DD44E33F934642C0,545,"Thales near  Benalla,  Victoria,  Australia","Benalla,  Victoria,  Australia","Benalla,  Victoria",Australia,2013-11-08,2013-11-08,1,26
,546,"Thales near  Bendigo ,  Victoria,  Australia","Bendigo ,  Victoria,  Australia","Bendigo ,  Victoria",Australia,2013-11-08,2013-11-08,0,27
,469,"Thales near  Bergen,  Bergen,  Norway","Bergen,  Bergen,  Norway","Bergen,  Bergen",Norway,2013-11-08,2013-11-08,0,28
0101000020E6100000FB77D89F9F5354C0A580B4FF01D74040,400,"Thales near  Berlin,  Berlin-Brandenburg,  Germany","Berlin,  Berlin-Brandenburg,  Germany","Berlin,  Berlin-Brandenburg",Germany,2013-11-08,2013-11-08,1,29
0101000020E61000004281881E42EA2A40AE5EA0FF794C4A40,497,"Thales near  Berlin,  Berlin,  Germany","Berlin,  Berlin,  Germany","Berlin,  Berlin",Germany,2013-11-08,2013-11-08,1,30
0101000020E61000006DBBD05CA79107C097C8602063A24540,457,"Thales near  Bilbao,  Bilbao,  Spain","Bilbao,  Bilbao,  Spain","Bilbao,  Bilbao",Spain,2013-11-08,2013-11-08,1,31
0101000020E610000048F4328AE556FFBFCCCFC3BFBE354A40,116,"Thales near  Birmingham,  West Midlands,  United Kingdom","Birmingham,  West Midlands,  United Kingdom","Birmingham,  West Midlands",United Kingdom,2013-11-08,2013-11-08,1,32
,68,"Thales near  Blagnac,  Sud Ouest,  France","Blagnac,  Sud Ouest,  France","Blagnac,  Sud Ouest",France,2013-11-08,2013-11-08,0,33
0101000020E6100000943E74417D4BE3BFBED9418067694640,69,"Thales near  Bordeaux,  Sud Ouest,  France","Bordeaux,  Sud Ouest,  France","Bordeaux,  Sud Ouest",France,2013-11-08,2013-11-08,1,34
0101000020E6100000BBF957A027213140951DE21FB6154840,502,"Thales near  Bratislava,  Bratislava,  Slovakia","Bratislava,  Bratislava,  Slovakia","Bratislava,  Bratislava",Slovakia,2013-11-08,2013-11-08,1,35
0101000020E610000055A824A1E3F111C09F3C3D00F3314840,29,"Thales near  Brest,  Bretagne,  France","Brest,  Bretagne,  France","Brest,  Bretagne",France,2013-11-08,2013-11-08,1,36
,42,"Thales near  Brétigny sur Orge,  Région Parisienne,  France","Brétigny sur Orge,  Région Parisienne,  France","Brétigny sur Orge,  Région Parisienne",France,2013-11-08,2013-11-08,0,37
0101000020E6100000441B36806DCB13C03E17B25F1C2D4940,99,"Thales near  Brighton,  South East,  United Kingdom","Brighton,  South East,  United Kingdom","Brighton,  South East",United Kingdom,2013-11-08,2013-11-08,1,38
0101000020E61000003E840200D1236340F4DD639FB6623BC0,547,"Thales near  Brisbane Airport   ,  Queensland,  Australia","Brisbane Airport   ,  Queensland,  Australia","Brisbane Airport   ,  Queensland",Australia,2013-11-08,2013-11-08,1,39
,105,"Thales near  Bristol,  South West,  United Kingdom","Bristol,  South West,  United Kingdom","Bristol,  South West",United Kingdom,2013-11-08,2013-11-08,0,40
0101000020E6100000DB0720B58993F83FF3A5B73F17944640,70,"Thales near  Brive la gaillarde,  Sud Ouest,  France","Brive la gaillarde,  Sud Ouest,  France","Brive la gaillarde,  Sud Ouest",France,2013-11-08,2013-11-08,1,41
0101000020E61000003146DA7C126611401CC6A4BF976C4940,176,"Thales near  Brussels-Capital,  Brussels,  Belgium","Brussels-Capital,  Brussels,  Belgium","Brussels-Capital,  Brussels",Belgium,2013-11-08,2013-11-08,1,42
,623,"Thales near  Bs As,  Bs As,  Argentina","Bs As,  Bs As,  Argentina","Bs As,  Bs As",Argentina,2013-11-08,2013-11-08,0,43
,523,"Thales near  Bucharest,  Bucharest,  Romania","Bucharest,  Bucharest,  Romania","Bucharest,  Bucharest",Romania,2013-11-08,2013-11-08,0,44
0101000020E61000004653E2DF0C0733407D9BB45F2DB64740,516,"Thales near  Budapest,  Budapest,  Hungary","Budapest,  Budapest,  Hungary","Budapest,  Budapest",Hungary,2013-11-08,2013-11-08,1,45
0101000020E6100000CF4B20802F374DC0E2A029E0434B41C0,173,"Thales near  Buenos Aires,  Buenos Aires,  Argentina","Buenos Aires,  Buenos Aires,  Argentina","Buenos Aires,  Buenos Aires",Argentina,2013-11-08,2013-11-08,1,46
0101000020E61000009B1E25C07AC15EC0F37C1700F4A24840,385,"Thales near  Burnaby,  British Columbia,  Canada","Burnaby,  British Columbia,  Canada","Burnaby,  British Columbia",Canada,2013-11-08,2013-11-08,1,47
,654,"Thales near  Burnham,  Canterbury,  New Zealand","Burnham,  Canterbury,  New Zealand","Burnham,  Canterbury",New Zealand,2013-11-08,2013-11-08,0,48
0101000020E6100000E247A1D1C2CAEA3FA0105C40C31D4A40,100,"Thales near  Bury St Edmunds,  South East,  United Kingdom","Bury St Edmunds,  South East,  United Kingdom","Bury St Edmunds,  South East",United Kingdom,2013-11-08,2013-11-08,1,49
,113,"Thales near  Busher Road,  Thames Valley,  United Kingdom","Busher Road,  Thames Valley,  United Kingdom","Busher Road,  Thames Valley",United Kingdom,2013-11-08,2013-11-08,0,50
,188,"Thales near  Cairo,  Lower-Egypt,  Egypt","Cairo,  Lower-Egypt,  Egypt","Cairo,  Lower-Egypt",Egypt,2013-11-08,2013-11-08,0,51
0101000020E610000075711B0DE02DC23FC458A65F22194A40,643,"Thales near  Cambridge,  Cambridgeshire,  United Kingdom","Cambridge,  Cambridgeshire,  United Kingdom","Cambridge,  Cambridgeshire",United Kingdom,2013-11-08,2013-11-08,1,52
0101000020E6100000FEC4122014A5624004F23680C8A541C0,548,"Thales near  Campbell,  Australian Capital Territory,  Australia","Campbell,  Australian Capital Territory,  Australia","Campbell,  Australian Capital Territory",Australia,2013-11-08,2013-11-08,1,53
0101000020E61000004AC0F91E3F492640B1AE1B00BBE94540,419,"Thales near  Campi Bisenzio (FI),  Toscana,  Italy","Campi Bisenzio (FI),  Toscana,  Italy","Campi Bisenzio (FI),  Toscana",Italy,2013-11-08,2013-11-08,1,54
,248,"Thales near  Cannes,  PACA,  France","Cannes,  PACA,  France","Cannes,  PACA",France,2013-11-08,2013-11-08,0,55
0101000020E6100000FDC1D19F47374DC08C1315600E5241C0,621,"Thales near  Capital Federal,  Capital Federal,  Argentina","Capital Federal,  Capital Federal,  Argentina","Capital Federal,  Capital Federal",Argentina,2013-11-08,2013-11-08,1,56
0101000020E610000083C8D8BFA1B950C030009EFEFD032540,470,"Thales near  Caracas,  Caracas,  Venezuela","Caracas,  Caracas,  Venezuela","Caracas,  Caracas",Venezuela,2013-11-08,2013-11-08,1,57
0101000020E6100000482AAE85B4C1F7BFAF0C608033A64740,30,"Thales near  Carquefou,  Pays de la Loire,  France","Carquefou,  Pays de la Loire,  France","Carquefou,  Pays de la Loire",France,2013-11-08,2013-11-08,1,58
0101000020E6100000267BF07F6C006340FD5D4480785540C0,569,"Thales near  Carrington ,  New South Wales,  Australia","Carrington ,  New South Wales,  Australia","Carrington ,  New South Wales",Australia,2013-11-08,2013-11-08,1,59
0101000020E61000002F9E4143FF840040A3AC95BF31884840,43,"Thales near  Cergy Pontoise,  Région Parisienne,  France","Cergy Pontoise,  Région Parisienne,  France","Cergy Pontoise,  Région Parisienne",France,2013-11-08,2013-11-08,1,60
0101000020E6100000063D9B559FABF9BF902EEC1FFA0E4840,31,"Thales near  Cesson Sévigné,  Bretagne,  France","Cesson Sévigné,  Bretagne,  France","Cesson Sévigné,  Bretagne",France,2013-11-08,2013-11-08,1,61
0101000020E6100000318FFCC1C0D31140FAA6FADF5B4C4940,595,"Thales near  Charleroi,  Wallonie,  Belgium","Charleroi,  Wallonie,  Belgium","Charleroi,  Wallonie",Belgium,2013-11-08,2013-11-08,1,62
0101000020E6100000AD7C96E7C11DF6BF9687F13F9E0E4840,32,"Thales near  Chateaubourg,  Bretagne,  France","Chateaubourg,  Bretagne,  France","Chateaubourg,  Bretagne",France,2013-11-08,2013-11-08,1,63
0101000020E61000001B08C9022670E13FDB9CA5BFF2684740,35,"Thales near  Châtellerault,  Centre,  France","Châtellerault,  Centre,  France","Châtellerault,  Centre",France,2013-11-08,2013-11-08,1,64
,44,"Thales near  Chatou,  Région Parisienne,  France","Chatou,  Région Parisienne,  France","Chatou,  Région Parisienne",France,2013-11-08,2013-11-08,0,65
0101000020E610000017601F9DBAB201C0E0F5AADF96B24A40,93,"Thales near  Cheadle Heath,  North West,  United Kingdom","Cheadle Heath,  North West,  United Kingdom","Cheadle Heath,  North West",United Kingdom,2013-11-08,2013-11-08,1,66
0101000020E61000007854FCDF110C5440930046E1C4192A40,607,"Thales near  Chennai,  Tamilnadu,  India","Chennai,  Tamilnadu,  India","Chennai,  Tamilnadu",India,2013-11-08,2013-11-08,1,67
0101000020E61000005639B4C876BED3BF2DA5D35F54AE4940,101,"Thales near  Chessington,  South East,  United Kingdom","Chessington,  South East,  United Kingdom","Chessington,  South East",United Kingdom,2013-11-08,2013-11-08,1,68
0101000020E6100000FE8AA141AF542C401632B2BF472C4540,228,"Thales near  Chieti,  Abruzzo,  Italy","Chieti,  Abruzzo,  Italy","Chieti,  Abruzzo",Italy,2013-11-08,2013-11-08,1,69
0101000020E610000056CA32C4B12EECBF8B80650003884740,81,"Thales near  Cholet,  Pays de la Loire,  France","Cholet,  Pays de la Loire,  France","Cholet,  Pays de la Loire",France,2013-11-08,2013-11-08,1,70
0101000020E610000083FEF801FE6711C0FF95F0DF17704340,452,"Thales near  Ciudad Real,  Ciudad Real,  Spain","Ciudad Real,  Ciudad Real,  Spain","Ciudad Real,  Ciudad Real",Spain,2013-11-08,2013-11-08,1,71
,45,"Thales near  Colombes,  Région Parisienne,  France","Colombes,  Région Parisienne,  France","Colombes,  Région Parisienne",France,2013-11-08,2013-11-08,0,72
0101000020E6100000FFFFFFFFFFBF004080295EC0267F4840,46,"Thales near  Conflans Sainte Honorine,  Région Parisienne,  France","Conflans Sainte Honorine,  Région Parisienne,  France","Conflans Sainte Honorine,  Région Parisienne",France,2013-11-08,2013-11-08,1,73
0101000020E610000036C76FC09D222940E89E2B007CD64B40,671,"Thales near  Copenhagen,  Hovedstaden,  Denmark","Copenhagen,  Hovedstaden,  Denmark","Copenhagen,  Hovedstaden",Denmark,2013-11-08,2013-11-08,1,74
0101000020E61000004B7045BD3B0513C01D9D048074F14240,441,"Thales near  Cordoba,  Cordoba,  Spain","Cordoba,  Cordoba,  Spain","Cordoba,  Cordoba",Spain,2013-11-08,2013-11-08,1,75
0101000020E61000006F1B0DE02D10F8BF642E15C039E74940,102,"Thales near  Crawley,  South East,  United Kingdom","Crawley,  South East,  United Kingdom","Crawley,  South East",United Kingdom,2013-11-08,2013-11-08,1,76
,553,"Thales near  Crib Point,  Victoria,  Australia","Crib Point,  Victoria,  Australia","Crib Point,  Victoria",Australia,2013-11-08,2013-11-08,0,77
0101000020E61000006F7610E0990D4940A0A30BA0CE713A40,628,"Thales near  Dammam,  Dammam,  Saudi Arabia","Dammam,  Dammam,  Saudi Arabia","Dammam,  Dammam",Saudi Arabia,2013-11-08,2013-11-08,1,78
0101000020E6100000031E184078A36240AFA250604BA841C0,549,"Thales near  Deakin ,  Australian Capital Territory,  Australia","Deakin ,  Australian Capital Territory,  Australia","Deakin ,  Australian Capital Territory",Australia,2013-11-08,2013-11-08,1,79
0101000020E6100000CF042F9F516F1140509E1E8079014A40,425,"Thales near  Delft,  Zuid-Holland,  Netherlands","Delft,  Zuid-Holland,  Netherlands","Delft,  Zuid-Holland",Netherlands,2013-11-08,2013-11-08,1,80
0101000020E6100000B3E908E0E6D56240B6C6B13F9A3140C0,568,"Thales near  Denman ,  New South Wales,  Australia","Denman ,  New South Wales,  Australia","Denman ,  New South Wales",Australia,2013-11-08,2013-11-08,1,81
0101000020E61000003BDF05007DC2494070DA9DFF684B3940,598,"Thales near  Doha,  Qatar,  Qatar","Doha,  Qatar,  Qatar","Doha,  Qatar",Qatar,2013-11-08,2013-11-08,1,82
0101000020E6100000CE6BEC12D55BF1BF0CD363004DC04A40,241,"Thales near  Doncaster,  Yorkshire,  United Kingdom","Doncaster,  Yorkshire,  United Kingdom","Doncaster,  Yorkshire",United Kingdom,2013-11-08,2013-11-08,1,83
0101000020E61000006A7CCB41758803C03AF9991F245B4940,106,"Thales near  Dorchester,  South West,  United Kingdom","Dorchester,  South West,  United Kingdom","Dorchester,  South West",United Kingdom,2013-11-08,2013-11-08,1,84
0101000020E6100000AECBF09FAE576240CFDB8E5F2E5233C0,579,"Thales near  Douglas,  Queensland,  Australia","Douglas,  Queensland,  Australia","Douglas,  Queensland",Australia,2013-11-08,2013-11-08,1,85
0101000020E6100000E6B8BF1F23934B401FF0C000C2153940,253,"Thales near  Dubaï,  Dubaï,  United Arab Emirates","Dubaï,  Dubaï,  United Arab Emirates","Dubaï,  Dubaï",United Arab Emirates,2013-11-08,2013-11-08,1,86
0101000020E61000000A98C0ADBB79B2BFD6840F8013C04940,244,"Thales near  East London,  London,  United Kingdom","East London,  London,  United Kingdom","East London,  London",United Kingdom,2013-11-08,2013-11-08,1,87
,555,"Thales near  Eden,  New South Wales,  Australia","Eden,  New South Wales,  Australia","Eden,  New South Wales",Australia,2013-11-08,2013-11-08,0,88
0101000020E6100000722A1900AA54614087241F60525E41C0,588,"Thales near  Edinburgh (AUS),  South Australia,  Australia","Edinburgh (AUS),  South Australia,  Australia","Edinburgh (AUS),  South Australia",Australia,2013-11-08,2013-11-08,1,89
0101000020E61000004E6331A0CD8009C0429C983FF0F84B40,96,"Thales near  Edinburgh (UK),  Scotland,  United Kingdom","Edinburgh (UK),  Scotland,  United Kingdom","Edinburgh (UK),  Scotland",United Kingdom,2013-11-08,2013-11-08,1,90
0101000020E6100000AF3500C0D69852C0A78FC01F7E454440,158,"Thales near  Edison,  New Jersey,  United States","Edison,  New Jersey,  United States","Edison,  New Jersey",United States,2013-11-08,2013-11-08,1,91
0101000020E6100000CAA5A77E94DF1540EAD918E027BD4940,424,"Thales near  Eindhoven,  Noord-Brabant,  Netherlands","Eindhoven,  Noord-Brabant,  Netherlands","Eindhoven,  Noord-Brabant",Netherlands,2013-11-08,2013-11-08,1,92
,47,"Thales near  Elancourt,  Région Parisienne,  France","Elancourt,  Région Parisienne,  France","Elancourt,  Région Parisienne",France,2013-11-08,2013-11-08,0,93
,84,"Thales near  Erith,  East Anglia,  United Kingdom","Erith,  East Anglia,  United Kingdom","Erith,  East Anglia",United Kingdom,2013-11-08,2013-11-08,0,94
0101000020E6100000270F0BB5A639F3BF990F19A07E0A4840,667,"Thales near  Etrelles,  Bretagne,  France","Etrelles,  Bretagne,  France","Etrelles,  Bretagne",France,2013-11-08,2013-11-08,1,95
0101000020E610000084BF153F7C4FF3BF976D5D20F76E4940,103,"Thales near  Fareham,  South East,  United Kingdom","Fareham,  South East,  United Kingdom","Fareham,  South East",United Kingdom,2013-11-08,2013-11-08,1,96
0101000020E6100000E6A331FF8D82264046E9D2BF24E44540,433,"Thales near  Firenze,  Toscana,  Italy","Firenze,  Toscana,  Italy","Firenze,  Toscana",Italy,2013-11-08,2013-11-08,1,97
0101000020E6100000FB982034CC7AFE3F9658CFFF61F34740,36,"Thales near  Fleury-Orleans,  Centre,  France","Fleury-Orleans,  Centre,  France","Fleury-Orleans,  Centre",France,2013-11-08,2013-11-08,1,98
0101000020E6100000E50BB501334A02405E3F1FC07D654840,48,"Thales near  Fontenay aux roses,  Région Parisienne,  France","Fontenay aux roses,  Région Parisienne,  France","Fontenay aux roses,  Région Parisienne",France,2013-11-08,2013-11-08,1,99
0101000020E6100000642E15C0791C62407462C55F49E542C0,556,"Thales near  Footscray ,  Victoria,  Australia","Footscray ,  Victoria,  Australia","Footscray ,  Victoria",Australia,2013-11-08,2013-11-08,1,100
0101000020E6100000CB68F51FA3A56240C4991540E7A941C0,550,"Thales near  Fyshwick,  Australian Capital Territory,  Australia","Fyshwick,  Australian Capital Territory,  Australia","Fyshwick,  Australian Capital Territory",Australia,2013-11-08,2013-11-08,1,101
,489,"Thales near  Garden Island - NSW,  New South Wales,  Australia","Garden Island - NSW,  New South Wales,  Australia","Garden Island - NSW,  New South Wales",Australia,2013-11-08,2013-11-08,0,102
,558,"Thales near  Garden Island - WA,  Western Australia,  Australia","Garden Island - WA,  Western Australia,  Australia","Garden Island - WA,  Western Australia",Australia,2013-11-08,2013-11-08,0,103
,390,"Thales near  Geneva,  Geneva,  Switzerland","Geneva,  Geneva,  Switzerland","Geneva,  Geneva",Switzerland,2013-11-08,2013-11-08,0,104
0101000020E6100000B7BF1F2345A90DC0C8E0CDBF022C4440,436,"Thales near  Getafe,  Madrid,  Spain","Getafe,  Madrid,  Spain","Getafe,  Madrid",Spain,2013-11-08,2013-11-08,1,105
0101000020E6100000B8A40F02975C10C07F7B9E3F6DE84B40,97,"Thales near  Glasgow,  Scotland,  United Kingdom","Glasgow,  Scotland,  United Kingdom","Glasgow,  Scotland",United Kingdom,2013-11-08,2013-11-08,1,106
0101000020E61000003368E89FE0D3624061E75C401EE240C0,559,"Thales near  Glenbrook ,  New South Wales,  Australia","Glenbrook ,  New South Wales,  Australia","Glenbrook ,  New South Wales",Australia,2013-11-08,2013-11-08,1,107
0101000020E61000008DA6C4BF19CE2240828AAA5FE9C34640,431,"Thales near  Gorgonzola ,  Lombardia,  Italy","Gorgonzola ,  Lombardia,  Italy","Gorgonzola ,  Lombardia",Italy,2013-11-08,2013-11-08,1,108
0101000020E61000009564D30094ED16406E35A1FFD4984640,73,"Thales near  Grenoble,  Rhône-Alpes,  France","Grenoble,  Rhône-Alpes,  France","Grenoble,  Rhône-Alpes",France,2013-11-08,2013-11-08,1,109
0101000020E61000000997FA1E9A8E004079FC3960B2624840,49,"Thales near  Guyancourt,  Région Parisienne,  France","Guyancourt,  Région Parisienne,  France","Guyancourt,  Région Parisienne",France,2013-11-08,2013-11-08,1,110
0101000020E610000071ECEA9FF1D64FC06DD113E005704640,383,"Thales near  Halifax,  Nova Scotia,  Canada","Halifax,  Nova Scotia,  Canada","Halifax,  Nova Scotia",Canada,2013-11-08,2013-11-08,1,111
0101000020E6100000B56224204BF354C06B9626005A394540,394,"Thales near  Hamburg,  Hamburg,  Germany","Hamburg,  Hamburg,  Germany","Hamburg,  Hamburg",Germany,2013-11-08,2013-11-08,1,112
0101000020E6100000A42B3300AFF25C40C28A09206B1540C0,560,"Thales near  Henderson ,  Western Australia,  Australia","Henderson ,  Western Australia,  Australia","Henderson ,  Western Australia",Australia,2013-11-08,2013-11-08,1,113
,430,"Thales near  Hengelo,  Overijssel,  Netherlands","Hengelo,  Overijssel,  Netherlands","Hengelo,  Overijssel",Netherlands,2013-11-08,2013-11-08,0,114
0101000020E61000008DA50F5D507F1640F8CF9A1F7F544940,594,"Thales near  Herstal,  Wallonie,  Belgium","Herstal,  Wallonie,  Belgium","Herstal,  Wallonie",Belgium,2013-11-08,2013-11-08,1,115
0101000020E6100000E4DB16C0AFDE6240FF690F20E8FA40C0,561,"Thales near  Holdsworthy ,  New South Wales,  Australia","Holdsworthy ,  New South Wales,  Australia","Holdsworthy ,  New South Wales",Australia,2013-11-08,2013-11-08,1,116
0101000020E6100000AA81F79F468A5C40CBBD761F36473640,528,"Thales near  Hong Kong,  Hong Kong,  China","Hong Kong,  Hong Kong,  China","Hong Kong,  Hong Kong",China,2013-11-08,2013-11-08,1,117
,423,"Thales near  Huizen,  North Holland,  Netherlands","Huizen,  North Holland,  Netherlands","Huizen,  North Holland",Netherlands,2013-11-08,2013-11-08,0,118
0101000020E610000009E12C8084A855C089F2BB9F09604140,665,"Thales near  Huntsville,  Alabama,  United States","Huntsville,  Alabama,  United States","Huntsville,  Alabama",United States,2013-11-08,2013-11-08,1,119
0101000020E61000009A76E73FDA745DC0E0BDFE7FF7D74040,162,"Thales near  Irvine,  California,  United States","Irvine,  California,  United States","Irvine,  California",United States,2013-11-08,2013-11-08,1,120
0101000020E6100000164A8160E9332540413B4CA02DCB4740,496,"Thales near  Ismaning,  Bayern,  Germany","Ismaning,  Bayern,  Germany","Ismaning,  Bayern",Germany,2013-11-08,2013-11-08,1,121
0101000020E610000002ACFA01B4020240C6E64FC01B694840,50,"Thales near  Issy les Moulineaux,  Région Parisienne,  France","Issy les Moulineaux,  Région Parisienne,  France","Issy les Moulineaux,  Région Parisienne",France,2013-11-08,2013-11-08,1,122
,199,"Thales near  Jakarta,  Territory of Jakarta,  Indonesia","Jakarta,  Territory of Jakarta,  Indonesia","Jakarta,  Territory of Jakarta",Indonesia,2013-11-08,2013-11-08,0,123
0101000020E610000054BC36C0719143400DAAC3C0298C3540,625,"Thales near  Jeddah ,  Jeddah ,  Saudi Arabia","Jeddah ,  Jeddah ,  Saudi Arabia","Jeddah ,  Jeddah",Saudi Arabia,2013-11-08,2013-11-08,1,124
,51,"Thales near  Jouy en Josas,  Région Parisienne,  France","Jouy en Josas,  Région Parisienne,  France","Jouy en Josas,  Région Parisienne",France,2013-11-08,2013-11-08,0,125
,636,"Thales near  Juaymah - Rahima,  Juaymah - Rahima,  Saudi Arabia","Juaymah - Rahima,  Juaymah - Rahima,  Saudi Arabia","Juaymah - Rahima,  Juaymah - Rahima",Saudi Arabia,2013-11-08,2013-11-08,0,126
,631,"Thales near  Jubial,  Jubial,  Saudi Arabia","Jubial,  Jubial,  Saudi Arabia","Jubial,  Jubial",Saudi Arabia,2013-11-08,2013-11-08,0,127
,630,"Thales near  Khobar,  Khobar,  Saudi Arabia","Khobar,  Khobar,  Saudi Arabia","Khobar,  Khobar",Saudi Arabia,2013-11-08,2013-11-08,0,128
0101000020E61000002B6D2700B543244020B8DB3F60294B40,392,"Thales near  Kiel,  Schleswig-Holstein,  Germany","Kiel,  Schleswig-Holstein,  Germany","Kiel,  Schleswig-Holstein",Germany,2013-11-08,2013-11-08,1,129
0101000020E6100000C32F0620FF5E1E40ACEB06C02E2E4940,495,"Thales near  Koblenz,  Rheinland-Pfalz,  Germany","Koblenz,  Rheinland-Pfalz,  Germany","Koblenz,  Rheinland-Pfalz",Germany,2013-11-08,2013-11-08,1,130
0101000020E6100000F23EE99FBB10534000309E4143DF2340,609,"Thales near  Kochi,  Kerala,  India","Kochi,  Kerala,  India","Kochi,  Kerala",India,2013-11-08,2013-11-08,1,131
0101000020E610000053991881673D2240EA6CC83F336A4840,415,"Thales near  Korntal-Münchingen,  Baden-Württemberg,  Germany","Korntal-Münchingen,  Baden-Württemberg,  Germany","Korntal-Münchingen,  Baden-Württemberg",Germany,2013-11-08,2013-11-08,1,132
,191,"Thales near  Koropi-Athens,  Attica,  Greece","Koropi-Athens,  Attica,  Greece","Koropi-Athens,  Attica",Greece,2013-11-08,2013-11-08,0,133
0101000020E6100000EF2FDD7FBF8B5C4062F9A9E0A64F3640,530,"Thales near  Kowloon,  Hong Kong,  China","Kowloon,  Hong Kong,  China","Kowloon,  Hong Kong",China,2013-11-08,2013-11-08,1,134
0101000020E61000001B33F55F0C6E594082A4AA645B110940,216,"Thales near  Kuala Lumpur,  Kuala Lumpur,  Malaysia","Kuala Lumpur,  Kuala Lumpur,  Malaysia","Kuala Lumpur,  Kuala Lumpur",Malaysia,2013-11-08,2013-11-08,1,135
0101000020E61000006846ABFF18FFFE3FBD6CF1DF72DC4740,37,"Thales near  La Ferté Saint Aubin,  Centre,  France","La Ferté Saint Aubin,  Centre,  France","La Ferté Saint Aubin,  Centre",France,2013-11-08,2013-11-08,1,136
0101000020E6100000ECE5E37F972E084080FA3B80EA524940,52,"Thales near  Lambersart,  France Nord,  France","Lambersart,  France Nord,  France","Lambersart,  France Nord",France,2013-11-08,2013-11-08,1,137
0101000020E610000061C6CA1E5755214018530B804CFE4840,121,"Thales near  Langen,  Hessen,  Germany","Langen,  Hessen,  Germany","Langen,  Hessen",Germany,2013-11-08,2013-11-08,1,138
0101000020E610000048E70D411FCA2A409BE337E04E2D4540,416,"Thales near  L'Aquila,  Abruzzo,  Italy","L'Aquila,  Abruzzo,  Italy","L'Aquila,  Abruzzo",Italy,2013-11-08,2013-11-08,1,139
0101000020E6100000972CEE3FF20B6240AE384140630643C0,573,"Thales near  Lara ,  Victoria,  Australia","Lara ,  Victoria,  Australia","Lara ,  Victoria",Australia,2013-11-08,2013-11-08,1,140
0101000020E6100000EB815660C8EAE7BF3DDCC47F70064840,33,"Thales near  Laval,  Pays de la Loire,  France","Laval,  Pays de la Loire,  France","Laval,  Pays de la Loire",France,2013-11-08,2013-11-08,1,141
0101000020E610000002194BA2A87DF9BFFFA73D80A0DF4A40,240,"Thales near  Leeds,  Yorkshire,  United Kingdom","Leeds,  Yorkshire,  United Kingdom","Leeds,  Yorkshire",United Kingdom,2013-11-08,2013-11-08,1,142
,85,"Thales near  Leicester,  East Midlands,  United Kingdom","Leicester,  East Midlands,  United Kingdom","Leicester,  East Midlands",United Kingdom,2013-11-08,2013-11-08,0,143
0101000020E61000006E7610E099C52840CF4B20802FAC4940,403,"Thales near  Leipzig,  Sachsen,  Germany","Leipzig,  Sachsen,  Germany","Leipzig,  Sachsen",Germany,2013-11-08,2013-11-08,1,144
0101000020E610000092C6681D552D1240378600E0D8304740,53,"Thales near  Lille,  France Nord,  France","Lille,  France Nord,  France","Lille,  France Nord",France,2013-11-08,2013-11-08,1,145
,54,"Thales near  Limours,  Région Parisienne,  France","Limours,  Région Parisienne,  France","Limours,  Région Parisienne",France,2013-11-08,2013-11-08,0,146
0101000020E6100000AB17E87FDEF165408821DEDF453744C0,650,"Thales near  Linton,  Manawatu-Wanganui,  New Zealand","Linton,  Manawatu-Wanganui,  New Zealand","Linton,  Manawatu-Wanganui",New Zealand,2013-11-08,2013-11-08,1,147
0101000020E61000002AC5E97F14FA51C0187FEC3F7C1B4640,538,"Thales near  Lisbon,  Greater Lisbon,  Portugal","Lisbon,  Greater Lisbon,  Portugal","Lisbon,  Greater Lisbon",Portugal,2013-11-08,2013-11-08,1,148
0101000020E61000006010FD7FC1C46240F2412A2048BD40C0,563,"Thales near  Lithgow ,  New South Wales,  Australia","Lithgow ,  New South Wales,  Australia","Lithgow ,  New South Wales",Australia,2013-11-08,2013-11-08,1,149
0101000020E610000013E5773F130E2D40C9479C5FDE0F4740,504,"Thales near  Ljubljana,  Ljubljana,  Slovenia","Ljubljana,  Ljubljana,  Slovenia","Ljubljana,  Ljubljana",Slovenia,2013-11-08,2013-11-08,1,150
0101000020E610000065E14625D0BB8CBF3294C95F10C04940,88,"Thales near  London,  London,  United Kingdom","London,  London,  United Kingdom","London,  London",United Kingdom,2013-11-08,2013-11-08,1,151
0101000020E61000005F670A9DD7D8EFBF55F1A19F04E34940,231,"Thales near  Long Crendon,  Thames Valley,  United Kingdom","Long Crendon,  Thames Valley,  United Kingdom","Long Crendon,  Thames Valley",United Kingdom,2013-11-08,2013-11-08,1,152
0101000020E6100000A5CFB3FE3B772A402B47C8409EA121C0,659,"Thales near  Luanda,  Luanda,  Angola","Luanda,  Luanda,  Angola","Luanda,  Luanda",Angola,2013-11-08,2013-11-08,1,153
,222,"Thales near  Luchthaven Schiphol,  North Holland,  Netherlands","Luchthaven Schiphol,  North Holland,  Netherlands","Luchthaven Schiphol,  North Holland",Netherlands,2013-11-08,2013-11-08,0,154
0101000020E6100000F78DAF3DB36C1340419FD9BFFCE34640,74,"Thales near  Lyon,  Rhône-Alpes,  France","Lyon,  Rhône-Alpes,  France","Lyon,  Rhône-Alpes",France,2013-11-08,2013-11-08,1,155
0101000020E610000092A46B26DFEC0DC032011A00052F4440,123,"Thales near  Madrid,  Madrid,  Spain","Madrid,  Madrid,  Spain","Madrid,  Madrid",Spain,2013-11-08,2013-11-08,1,156
,675,"Thales near  Maison-Laffite,  Région Parisienne,  France","Maison-Laffite,  Région Parisienne,  France","Maison-Laffite,  Région Parisienne",France,2013-11-08,2013-11-08,0,157
0101000020E6100000A9B019E002EF5DC09C21664007574240,444,"Thales near  Malaga,  Malaga,  Spain","Malaga,  Malaga,  Spain","Malaga,  Malaga",Spain,2013-11-08,2013-11-08,1,158
0101000020E6100000D4B2B5BE486802403E17B25F1C694840,55,"Thales near  Malakoff,  Région Parisienne,  France","Malakoff,  Région Parisienne,  France","Malakoff,  Région Parisienne",France,2013-11-08,2013-11-08,1,159
,564,"Thales near  Managalore ,  Victoria,  Australia","Managalore ,  Victoria,  Australia","Managalore ,  Victoria",Australia,2013-11-08,2013-11-08,0,160
0101000020E610000000721D3E441E02C073D256804AB14A40,94,"Thales near  Manchester,  North West,  United Kingdom","Manchester,  North West,  United Kingdom","Manchester,  North West",United Kingdom,2013-11-08,2013-11-08,1,161
,565,"Thales near  Mascot ,  New South Wales,  Australia","Mascot ,  New South Wales,  Australia","Mascot ,  New South Wales",Australia,2013-11-08,2013-11-08,0,162
,56,"Thales near  Massy,  Région Parisienne,  France","Massy,  Région Parisienne,  France","Massy,  Région Parisienne",France,2013-11-08,2013-11-08,0,163
0101000020E61000000BEDF71F74186240937E67203BE142C0,128,"Thales near  Melbourne,  Victoria,  Australia","Melbourne,  Victoria,  Australia","Melbourne,  Victoria",Australia,2013-11-08,2013-11-08,1,164
,57,"Thales near  Méru,  Région Parisienne,  France","Méru,  Région Parisienne,  France","Méru,  Région Parisienne",France,2013-11-08,2013-11-08,0,165
,58,"Thales near  Meudon la Forêt,  Région Parisienne,  France","Meudon la Forêt,  Région Parisienne,  France","Meudon la Forêt,  Région Parisienne",France,2013-11-08,2013-11-08,0,166
0101000020E6100000326B2920EDC558C02AEE89BF376B3340,428,"Thales near  Mexico City,  Federal District,  United Mexican States","Mexico City,  Federal District,  United Mexican States","Mexico City,  Federal District",United Mexican States,2013-11-08,2013-11-08,1,167
0101000020E610000089332B80CE2F4DC0C0E84DA0E34D41C0,617,"Thales near  Microcentro,  Capital Federal,  Argentina","Microcentro,  Capital Federal,  Argentina","Microcentro,  Capital Federal",Argentina,2013-11-08,2013-11-08,1,168
0101000020E61000008EF98040671C3C407C0283FF08FA39C0,599,"Thales near  Midrand,  Gauteng,  South Africa","Midrand,  Gauteng,  South Africa","Midrand,  Gauteng",South Africa,2013-11-08,2013-11-08,1,169
0101000020E610000071906B9E7E3B2240513D997FF4B64640,230,"Thales near  Milano,  Lombardia,  Italy","Milano,  Lombardia,  Italy","Milano,  Lombardia",Italy,2013-11-08,2013-11-08,1,170
0101000020E610000020BB1CC06C795EC077190F0066B74240,656,"Thales near  Milpitas,  California,  United States","Milpitas,  California,  United States","Milpitas,  California",United States,2013-11-08,2013-11-08,1,171
,75,"Thales near  Moirans,  Rhône-Alpes,  France","Moirans,  Rhône-Alpes,  France","Moirans,  Rhône-Alpes",France,2013-11-08,2013-11-08,0,172
0101000020E610000001B7A4598FC10E4007A3FE1FCCCB4540,124,"Thales near  Montpellier,  France Sud Est,  France","Montpellier,  France Sud Est,  France","Montpellier,  France Sud Est",France,2013-11-08,2013-11-08,1,173
0101000020E610000080261D409A6352C055CB42E0EDCD4640,152,"Thales near  Montréal,  Québec,  Canada","Montréal,  Québec,  Canada","Montréal,  Québec",Canada,2013-11-08,2013-11-08,1,174
0101000020E610000096A201614C8F0240942023A0C2684840,59,"Thales near  Montrouge,  Région Parisienne,  France","Montrouge,  Région Parisienne,  France","Montrouge,  Région Parisienne",France,2013-11-08,2013-11-08,1,175
0101000020E610000033D2F7BF88DD6240D5A1E41FC7F940C0,566,"Thales near  Moorebank ,  New South Wales,  Australia","Moorebank ,  New South Wales,  Australia","Moorebank ,  New South Wales",Australia,2013-11-08,2013-11-08,1,176
,567,"Thales near  Mulwala ,  New South Wales,  Australia","Mulwala ,  New South Wales,  Australia","Mulwala ,  New South Wales",Australia,2013-11-08,2013-11-08,0,177
0101000020E61000007880DD9F4135524029F40BC050133340,196,"Thales near  Mumbai,  Maharashtra,  India","Mumbai,  Maharashtra,  India","Mumbai,  Maharashtra",India,2013-11-08,2013-11-08,1,178
0101000020E61000009DECC1FFB12727404BED56E075114840,401,"Thales near  München,  Ismaning,  Germany","München,  Ismaning,  Germany","München,  Ismaning",Germany,2013-11-08,2013-11-08,1,179
0101000020E61000002F1BAE1FAC4B4D40534FE61F7D9D3740,662,"Thales near  Muscat,  Muscat,  Oman","Muscat,  Muscat,  Oman","Muscat,  Muscat",Oman,2013-11-08,2013-11-08,1,180
0101000020E6100000508F238C55D9F8BFE0BABDFFEA9B4740,82,"Thales near  Nantes,  Pays de la Loire,  France","Nantes,  Pays de la Loire,  France","Nantes,  Pays de la Loire",France,2013-11-08,2013-11-08,1,181
0101000020E61000009B7928C066F35C405F6B0080ADFA3FC0,487,"Thales near  Nedlands,  Western Australia,  Australia","Nedlands,  Western Australia,  Australia","Nedlands,  Western Australia",Australia,2013-11-08,2013-11-08,1,182
0101000020E6100000F6E461A1D634D53F4441953F848A4740,60,"Thales near  Neuilly,  Région Parisienne,  France","Neuilly,  Région Parisienne,  France","Neuilly,  Région Parisienne",France,2013-11-08,2013-11-08,1,183
0101000020E610000025AA12C0A8E952C0B6C9F2BFA6D04340,611,"Thales near  New Castle,  Delaware,  United States","New Castle,  Delaware,  United States","New Castle,  Delaware",United States,2013-11-08,2013-11-08,1,184
0101000020E6100000F37C1700F44B5340F9EAAA402D983C40,194,"Thales near  New Delhi,  Territory of Delhi,  India","New Delhi,  Territory of Delhi,  India","New Delhi,  Territory of Delhi",India,2013-11-08,2013-11-08,1,185
0101000020E61000001D7123C0C48052C01F802FE0C05A4440,668,"Thales near  New York,  New York,  United States","New York,  New York,  United States","New York,  New York",United States,2013-11-08,2013-11-08,1,186
,570,"Thales near  North Ryde,  New South Wales,  Australia","North Ryde,  New South Wales,  Australia","North Ryde,  New South Wales",Australia,2013-11-08,2013-11-08,0,187
,91,"Thales near  Northampton,  Midlands,  United Kingdom","Northampton,  Midlands,  United Kingdom","Northampton,  Midlands",United Kingdom,2013-11-08,2013-11-08,0,188
,86,"Thales near  Norwich,  East Midlands,  United Kingdom","Norwich,  East Midlands,  United Kingdom","Norwich,  East Midlands",United Kingdom,2013-11-08,2013-11-08,0,189
0101000020E61000008B6E18603AD3624063B2B8FFC86F41C0,543,"Thales near  Nowra,  New South Wales,  Australia","Nowra,  New South Wales,  Australia","Nowra,  New South Wales",Australia,2013-11-08,2013-11-08,1,190
0101000020E6100000E58013C083212640010CCB9F6FB74840,404,"Thales near  Nürnberg,  Bayern,  Germany","Nürnberg,  Bayern,  Germany","Nürnberg,  Bayern",Germany,2013-11-08,2013-11-08,1,191
,571,"Thales near  Oakey,  Queensland,  Australia","Oakey,  Queensland,  Australia","Oakey,  Queensland",Australia,2013-11-08,2013-11-08,0,192
,597,"Thales near  Oran,  Oran,  Algeria","Oran,  Oran,  Algeria","Oran,  Oran",Algeria,2013-11-08,2013-11-08,0,193
0101000020E61000001D0714A01CD76240F8043F60D4E340C0,572,"Thales near  Orchard Hills,  New South Wales,  Australia","Orchard Hills,  New South Wales,  Australia","Orchard Hills,  New South Wales",Australia,2013-11-08,2013-11-08,1,194
0101000020E610000094EB127AA280014064EDA5DF74594840,61,"Thales near  Orsay,  Région Parisienne,  France","Orsay,  Région Parisienne,  France","Orsay,  Région Parisienne",France,2013-11-08,2013-11-08,1,195
,226,"Thales near  Oslo,  Ostlandet,  Norway","Oslo,  Ostlandet,  Norway","Oslo,  Ostlandet",Norway,2013-11-08,2013-11-08,0,196
0101000020E61000004456236019DE52C03C49152065B94640,150,"Thales near  Ottawa,  Ontario,  Canada","Ottawa,  Ontario,  Canada","Ottawa,  Ontario",Canada,2013-11-08,2013-11-08,1,197
0101000020E6100000740877C2A6A917C036B5222015AE4540,450,"Thales near  Oviedo,  Oviedo,  Spain","Oviedo,  Oviedo,  Spain","Oviedo,  Oviedo",Spain,2013-11-08,2013-11-08,1,198
0101000020E6100000D7BB3FDEABD601C0D5DF12807FBC4940,645,"Thales near  Oxford,  South West,  United Kingdom","Oxford,  South West,  United Kingdom","Oxford,  South West",United Kingdom,2013-11-08,2013-11-08,1,199
,672,"Thales near  Paco de Arços,  Greater Lisbon,  Portugal","Paco de Arços,  Greater Lisbon,  Portugal","Paco de Arços,  Greater Lisbon",Portugal,2013-11-08,2013-11-08,0,200
,460,"Thales near  Palaiseau,  Région Parisienne,  France","Palaiseau,  Région Parisienne,  France","Palaiseau,  Région Parisienne",France,2013-11-08,2013-11-08,0,201
0101000020E6100000CF4B20802F374DC0E2A029E0434B41C0,605,"Thales near  Palermo,  Capital Federal,  Argentina","Palermo,  Capital Federal,  Argentina","Palermo,  Capital Federal",Argentina,2013-11-08,2013-11-08,1,202
0101000020E6100000A8CDEE7FB6DD65406BC207C0898842C0,653,"Thales near  Papakura,  Auckland,  New Zealand","Papakura,  Auckland,  New Zealand","Papakura,  Auckland",New Zealand,2013-11-08,2013-11-08,1,203
0101000020E61000004143FF04172BE4BF8A7159E086C24540,62,"Thales near  Paris,  Région Parisienne,  France","Paris,  Région Parisienne,  France","Paris,  Région Parisienne",France,2013-11-08,2013-11-08,1,204
,71,"Thales near  Pessac,  Sud Ouest,  France","Pessac,  Sud Ouest,  France","Pessac,  Sud Ouest",France,2013-11-08,2013-11-08,0,205
0101000020E6100000108DEE20766621402A2CB81FF0714840,234,"Thales near  Pforzheim,  Baden-Württemberg,  Germany","Pforzheim,  Baden-Württemberg,  Germany","Pforzheim,  Baden-Württemberg",Germany,2013-11-08,2013-11-08,1,206
0101000020E610000064F0E65FC1A56240F02FDD7FBFA641C0,551,"Thales near  Pialligo,  Australian Capital Territory,  Australia","Pialligo,  Australian Capital Territory,  Australia","Pialligo,  Australian Capital Territory",Australia,2013-11-08,2013-11-08,1,207
0101000020E6100000C0B92B60A70154C0750A03E0E9374440,613,"Thales near  Pittsburgh,  Pennsylvania,  United States","Pittsburgh,  Pennsylvania,  United States","Pittsburgh,  Pennsylvania",United States,2013-11-08,2013-11-08,1,208
0101000020E610000057A76F3E1A63124020BB1CC06C7C4640,63,"Thales near  Plaisir,  Région Parisienne,  France","Plaisir,  Région Parisienne,  France","Plaisir,  Région Parisienne",France,2013-11-08,2013-11-08,1,209
0101000020E610000074BF547DF88B10C0A0681EC022304940,107,"Thales near  Plymouth,  South West,  United Kingdom","Plymouth,  South West,  United Kingdom","Plymouth,  South West",United Kingdom,2013-11-08,2013-11-08,1,210
,483,"Thales near  PoznaD,  PoznaD,  Poland","PoznaD,  PoznaD,  Poland","PoznaD,  PoznaD",Poland,2013-11-08,2013-11-08,0,211
0101000020E6100000E7F3ACFFCEDD2C40B32737401F0A4940,498,"Thales near  Prague,  Prague,  Czech Republic","Prague,  Prague,  Czech Republic","Prague,  Prague",Czech Republic,2013-11-08,2013-11-08,1,212
0101000020E61000001046FD3F98216240EE879FFF1E8242C0,574,"Thales near  Puckapunyal  ,  Victoria,  Australia","Puckapunyal  ,  Victoria,  Australia","Puckapunyal  ,  Victoria",Australia,2013-11-08,2013-11-08,1,213
0101000020E6100000B6EC10FFB00513C09EECC1FFB1B24240,443,"Thales near  Puente Genil,  Cordoba,  Spain","Puente Genil,  Cordoba,  Spain","Puente Genil,  Cordoba",Spain,2013-11-08,2013-11-08,1,214
0101000020E61000000CDC268172C00EC0D8E89C9FE25D4340,440,"Thales near  Puertollano,  Ciudad Real,  Spain","Puertollano,  Ciudad Real,  Spain","Puertollano,  Ciudad Real",Spain,2013-11-08,2013-11-08,1,215
0101000020E610000024CCB4FD2BEB0140587F4B00FE704840,64,"Thales near  Puteaux,  Région Parisienne,  France","Puteaux,  Région Parisienne,  France","Puteaux,  Région Parisienne",France,2013-11-08,2013-11-08,1,216
0101000020E61000008332E8DF09CE51C02A323A2009684740,151,"Thales near  Québec,  Québec,  Canada","Québec,  Québec,  Canada","Québec,  Québec",Canada,2013-11-08,2013-11-08,1,217
0101000020E610000046F8DEDFA0DA51C0A70E5E60FB6B4740,382,"Thales near  Quebec City,  Québec,  Canada","Quebec City,  Québec,  Canada","Quebec City,  Québec",Canada,2013-11-08,2013-11-08,1,218
0101000020E610000059B0F95D7D611BC079BE0B00FA024140,220,"Thales near  Rabat,  Rabat-Sale-Zemmour-Zaer,  Morocco","Rabat,  Rabat-Sale-Zemmour-Zaer,  Morocco","Rabat,  Rabat-Sale-Zemmour-Zaer",Morocco,2013-11-08,2013-11-08,1,219
0101000020E6100000B71E85EB5138FD3FF9A6FADF5B524840,65,"Thales near  Rambouillet,  Région Parisienne,  France","Rambouillet,  Région Parisienne,  France","Rambouillet,  Région Parisienne",France,2013-11-08,2013-11-08,1,220
0101000020E6100000E4E8F17B9BFECCBF719769A09EB44940,232,"Thales near  Raynes Park,  South East,  United Kingdom","Raynes Park,  South East,  United Kingdom","Raynes Park,  South East",United Kingdom,2013-11-08,2013-11-08,1,221
,114,"Thales near  Reading,  Thames Valley,  United Kingdom","Reading,  Thames Valley,  United Kingdom","Reading,  Thames Valley",United Kingdom,2013-11-08,2013-11-08,0,222
0101000020E6100000279DFEA2BAEFFABF82C8D8BFA10D4840,34,"Thales near  Rennes,  Bretagne,  France","Rennes,  Bretagne,  France","Rennes,  Bretagne",France,2013-11-08,2013-11-08,1,223
0101000020E61000004DF6E0FFD8D345C0A77BAE00F0FB36C0,179,"Thales near  Rio de Janeiro,  Rio de Janeiro,  Brazil","Rio de Janeiro,  Rio de Janeiro,  Brazil","Rio de Janeiro,  Rio de Janeiro",Brazil,2013-11-08,2013-11-08,1,224
0101000020E6100000B27FF9BF7E5B4740A3B217C04AB03840,471,"Thales near  Riyadh,  North Riyadh,  Saudi Arabia","Riyadh,  North Riyadh,  Saudi Arabia","Riyadh,  North Riyadh",Saudi Arabia,2013-11-08,2013-11-08,1,225
0101000020E6100000AA293520E7F05C40F93F2C40802040C0,575,"Thales near  Rockingham,  Western Australia,  Australia","Rockingham,  Western Australia,  Australia","Rockingham,  Western Australia",Australia,2013-11-08,2013-11-08,1,226
0101000020E6100000ACB6627FD9FD2840A695422097F34440,205,"Thales near  Rome,  Latium,  Italy","Rome,  Latium,  Italy","Rome,  Latium",Italy,2013-11-08,2013-11-08,1,227
0101000020E610000065AA7180AA432840A737FE9F1E0A4B40,405,"Thales near  Rostock,  Mecklenburg-Vorpommern,  Germany","Rostock,  Mecklenburg-Vorpommern,  Germany","Rostock,  Mecklenburg-Vorpommern",Germany,2013-11-08,2013-11-08,1,228
0101000020E6100000A33DB901FAF8F03F7439252026B84840,39,"Thales near  Rouen,  France Nord,  France","Rouen,  France Nord,  France","Rouen,  France Nord",France,2013-11-08,2013-11-08,1,229
,87,"Thales near  Rugby,  East Midlands,  United Kingdom","Rugby,  East Midlands,  United Kingdom","Rugby,  East Midlands",United Kingdom,2013-11-08,2013-11-08,0,230
,66,"Thales near  Rungis,  Région Parisienne,  France","Rungis,  Région Parisienne,  France","Rungis,  Région Parisienne",France,2013-11-08,2013-11-08,0,231
0101000020E610000062B5F97F55E16240B070ED9F02E840C0,491,"Thales near  Rydalmere ,  New South Wales,  Australia","Rydalmere ,  New South Wales,  Australia","Rydalmere ,  New South Wales",Australia,2013-11-08,2013-11-08,1,232
0101000020E6100000D195198057FC4740BD02E2BF8A5F3D40,136,"Thales near  Safat,  Kuwait,  Kuwait","Safat,  Kuwait,  Kuwait","Safat,  Kuwait",Kuwait,2013-11-08,2013-11-08,1,233
0101000020E610000071637AC2128F0BC01AF80780E0A04A40,115,"Thales near  Saint Asaph,  Wales,  United Kingdom","Saint Asaph,  Wales,  United Kingdom","Saint Asaph,  Wales",United Kingdom,2013-11-08,2013-11-08,1,234
0101000020E6100000C78F42A3857D11409E56D11F9AC34640,83,"Thales near  Saint Héand,  Rhône-Alpes,  France","Saint Héand,  Rhône-Alpes,  France","Saint Héand,  Rhône-Alpes",France,2013-11-08,2013-11-08,1,235
0101000020E61000003B49BA66F2CDFCBFB8A9DC9FE6884940,108,"Thales near  Salisbury,  South West,  United Kingdom","Salisbury,  South West,  United Kingdom","Salisbury,  South West",United Kingdom,2013-11-08,2013-11-08,1,236
0101000020E61000003B0E2840396D50C067E89FE062753CC0,624,"Thales near  San  Isidro,  Bs As,  Argentina","San  Isidro,  Bs As,  Argentina","San  Isidro,  Bs As",Argentina,2013-11-08,2013-11-08,1,237
0101000020E61000009564D30094CD17C04A3F975FBCBD4240,446,"Thales near  San José de la Rinconada,  Sevilla,  Spain","San José de la Rinconada,  Sevilla,  Spain","San José de la Rinconada,  Sevilla",Spain,2013-11-08,2013-11-08,1,238
0101000020E610000083DA25602A2F4DC070DA9DFF684F41C0,619,"Thales near  San Telmo,  Capital Federal,  Argentina","San Telmo,  Capital Federal,  Argentina","San Telmo,  Capital Federal",Argentina,2013-11-08,2013-11-08,1,239
,182,"Thales near  Santiago,  Metropolitan Region,  Chile","Santiago,  Metropolitan Region,  Chile","Santiago,  Metropolitan Region",Chile,2013-11-08,2013-11-08,0,240
0101000020E6100000AADCFA9F327B51C0D9006C4084763240,473,"Thales near  Santo Domingo,  Santo Domingo,  Dominican Republic","Santo Domingo,  Santo Domingo,  Dominican Republic","Santo Domingo,  Santo Domingo",Dominican Republic,2013-11-08,2013-11-08,1,241
0101000020E61000007645F0BF15955EC08FF0BDBF41CD4740,247,"Thales near  Seattle,  Washington,  United States","Seattle,  Washington,  United States","Seattle,  Washington",United States,2013-11-08,2013-11-08,1,242
,533,"Thales near  Shangai,  Shangai,  China","Shangai,  Shangai,  China","Shangai,  Shangai",China,2013-11-08,2013-11-08,0,243
0101000020E6100000D475036097AE57C0347A3540697F4340,164,"Thales near  Shawnee,  Kansas,  United States","Shawnee,  Kansas,  United States","Shawnee,  Kansas",United States,2013-11-08,2013-11-08,1,244
,396,"Thales near  Siegburg,  Nordrhein-Westfalen,  Germany","Siegburg,  Nordrhein-Westfalen,  Germany","Siegburg,  Nordrhein-Westfalen",Germany,2013-11-08,2013-11-08,0,245
0101000020E6100000B9511A2087F6594023C511B57EA4F43F,542,"Thales near  Singapore,  Singapore,  Singapore","Singapore,  Singapore,  Singapore","Singapore,  Singapore",Singapore,2013-11-08,2013-11-08,1,246
0101000020E61000006949EC7FA5E562406C6A45402A4840C0,576,"Thales near  Singleton,  New South Wales,  Australia","Singleton,  New South Wales,  Australia","Singleton,  New South Wales",Australia,2013-11-08,2013-11-08,1,247
,507,"Thales near  Sofia,  Sofia,  Bulgaria","Sofia,  Sofia,  Bulgaria","Sofia,  Sofia",Bulgaria,2013-11-08,2013-11-08,0,248
0101000020E610000040086DDEDD3F1C4025D3B2FF4BCD4540,79,"Thales near  Sophia Antipolis,  PACA,  France","Sophia Antipolis,  PACA,  France","Sophia Antipolis,  PACA",France,2013-11-08,2013-11-08,1,249
0101000020E610000012550960546D6240136756009D8345C0,557,"Thales near  South Arm ,  Tasmania,  Australia","South Arm ,  Tasmania,  Australia","South Arm ,  Tasmania",Australia,2013-11-08,2013-11-08,1,250
0101000020E610000014551A8C6CA2F5BFB1EC496073754940,239,"Thales near  Southampton,  South East,  United Kingdom","Southampton,  South East,  United Kingdom","Southampton,  South East",United Kingdom,2013-11-08,2013-11-08,1,251
0101000020E6100000D50BF43FAF6C52C0445964E025C14640,153,"Thales near  St Laurent,  Québec,  Canada","St Laurent,  Québec,  Canada","St Laurent,  Québec",Canada,2013-11-08,2013-11-08,1,252
0101000020E61000000DFC0340B0D862407BF9F8DFA5DF40C0,577,"Thales near  St Marys,  New South Wales,  Australia","St Marys,  New South Wales,  Australia","St Marys,  New South Wales",Australia,2013-11-08,2013-11-08,1,253
0101000020E610000010FC6F253B36E0BFCC3C1460B3B74940,104,"Thales near  Staines,  South East,  United Kingdom","Staines,  South East,  United Kingdom","Staines,  South East",United Kingdom,2013-11-08,2013-11-08,1,254
,238,"Thales near  Stockport,  North West,  United Kingdom","Stockport,  North West,  United Kingdom","Stockport,  North West",United Kingdom,2013-11-08,2013-11-08,0,255
,649,"Thales near  Stoneham,  Massachusetts,  United States","Stoneham,  Massachusetts,  United States","Stoneham,  Massachusetts",United States,2013-11-08,2013-11-08,0,256
0101000020E6100000EF1D90DF366222404AAF2880BD644840,126,"Thales near  Stuttgart,  Baden-Württemberg,  Germany","Stuttgart,  Baden-Württemberg,  Germany","Stuttgart,  Baden-Württemberg",Germany,2013-11-08,2013-11-08,1,257
0101000020E61000008648F201269508C0B16DAC1FF6814940,109,"Thales near  Taunton,  South West,  United Kingdom","Taunton,  South West,  United Kingdom","Taunton,  South West",United Kingdom,2013-11-08,2013-11-08,1,258
0101000020E61000003963A93F0C7249408B6BD7DF6D524140,202,"Thales near  Tehran,  Tehran,  Iran","Tehran,  Tehran,  Iran","Tehran,  Tehran",Iran,2013-11-08,2013-11-08,1,259
0101000020E610000088D2DEE00B5303C08F5D0E6036804940,110,"Thales near  Templecombe,  South West,  United Kingdom","Templecombe,  South West,  United Kingdom","Templecombe,  South West",United Kingdom,2013-11-08,2013-11-08,1,260
,76,"Thales near  Thonon,  Rhône-Alpes,  France","Thonon,  Rhône-Alpes,  France","Thonon,  Rhône-Alpes",France,2013-11-08,2013-11-08,0,261
,663,"Thales near  Thorney Island,  Hampshire,  United Kingdom","Thorney Island,  Hampshire,  United Kingdom","Thorney Island,  Hampshire",United Kingdom,2013-11-08,2013-11-08,0,262
0101000020E61000008BCF64FF3CD3334090F0BDBF41A94440,520,"Thales near  Tirana,  Tirana,  Albania","Tirana,  Tirana,  Albania","Tirana,  Tirana",Albania,2013-11-08,2013-11-08,1,263
0101000020E6100000B8D8FEDFE2796140B2EC496073D74140,208,"Thales near  Tokyo,  Tokyo,  Japan","Tokyo,  Tokyo,  Japan","Tokyo,  Tokyo",Japan,2013-11-08,2013-11-08,1,264
0101000020E61000001B6217A0C86557C016B49080D1273F40,451,"Thales near  Toledo,  Toledo,  Spain","Toledo,  Toledo,  Spain","Toledo,  Toledo",Spain,2013-11-08,2013-11-08,1,265
,417,"Thales near  Torino,  Piemonte,  Italy","Torino,  Piemonte,  Italy","Torino,  Piemonte",Italy,2013-11-08,2013-11-08,0,266
0101000020E61000004FCAFF3FA9D853C056F1A19F04D34540,384,"Thales near  Toronto,  Ontario,  Canada","Toronto,  Ontario,  Canada","Toronto,  Ontario",Canada,2013-11-08,2013-11-08,1,267
0101000020E6100000EEB902C0E78D52C0365D60A0B5734440,160,"Thales near  Totowa,  New Jersey,  United States","Totowa,  New Jersey,  United States","Totowa,  New Jersey",United States,2013-11-08,2013-11-08,1,268
0101000020E61000003C2883FE9DB81740CFB2EE1F0B904540,80,"Thales near  Toulon,  PACA,  France","Toulon,  PACA,  France","Toulon,  PACA",France,2013-11-08,2013-11-08,1,269
0101000020E6100000D8F85D2228E8F63F67A730009ECC4540,72,"Thales near  Toulouse,  Sud Ouest,  France","Toulouse,  Sud Ouest,  France","Toulouse,  Sud Ouest",France,2013-11-08,2013-11-08,1,270
0101000020E610000023C7E75F9C576240139337C0CC4D33C0,580,"Thales near  Townsville,  Queensland,  Australia","Townsville,  Queensland,  Australia","Townsville,  Queensland",Australia,2013-11-08,2013-11-08,1,271
0101000020E6100000CA2D0840B7E16540150C5300319244C0,652,"Thales near  Trentham,  Wellington,  New Zealand","Trentham,  Wellington,  New Zealand","Trentham,  Wellington",New Zealand,2013-11-08,2013-11-08,1,272
0101000020E6100000B7C2BB5CC4C70DC0E53FA4DFBE4F4440,435,"Thales near  Tres Cantos,  Madrid,  Spain","Tres Cantos,  Madrid,  Spain","Tres Cantos,  Madrid",Spain,2013-11-08,2013-11-08,1,273
,214,"Thales near  Tripoli,  Lybia,  Libya","Tripoli,  Lybia,  Libya","Tripoli,  Lybia",Libya,2013-11-08,2013-11-08,0,274
0101000020E6100000E05D2EE23BD11040C91EFC1FBB584940,593,"Thales near  Tubize,  Wallonie,  Belgium","Tubize,  Wallonie,  Belgium","Tubize,  Wallonie",Belgium,2013-11-08,2013-11-08,1,275
0101000020E61000003A66EABF18A4624036B2E19F08A241C0,552,"Thales near  Turner,  Australian Capital Territory,  Australia","Turner,  Australian Capital Territory,  Australia","Turner,  Australian Capital Territory",Australia,2013-11-08,2013-11-08,1,276
,245,"Thales near  Ulm,  Baden-Württemberg,  Germany","Ulm,  Baden-Württemberg,  Germany","Ulm,  Baden-Württemberg",Germany,2013-11-08,2013-11-08,0,277
0101000020E6100000621F09A0BDDA51C0D157EB1F9F6D4740,386,"Thales near  Val-Belair,  Québec,  Canada","Val-Belair,  Québec,  Canada","Val-Belair,  Québec",Canada,2013-11-08,2013-11-08,1,278
0101000020E6100000C7AAAD7DA69315402A5899DF1F1B4640,77,"Thales near  Valence,  Rhône-Alpes,  France","Valence,  Rhône-Alpes,  France","Valence,  Rhône-Alpes",France,2013-11-08,2013-11-08,1,279
0101000020E6100000A2C3E85ECC6B13C071593B40E6D14440,456,"Thales near  Valladolid,  Valladolid,  Spain","Valladolid,  Valladolid,  Spain","Valladolid,  Valladolid",Spain,2013-11-08,2013-11-08,1,280
0101000020E61000001744FF5FD0FD214093AA48E06AC34640,432,"Thales near  Vanzago,  Lombardia,  Italy","Vanzago,  Lombardia,  Italy","Vanzago,  Lombardia",Italy,2013-11-08,2013-11-08,1,281
,67,"Thales near  Vélizy,  Région Parisienne,  France","Vélizy,  Région Parisienne,  France","Vélizy,  Région Parisienne",France,2013-11-08,2013-11-08,0,282
0101000020E6100000E2D8C4138B09F13F8BDB68006FE54740,38,"Thales near  Vendôme,  Centre,  France","Vendôme,  Centre,  France","Vendôme,  Centre",France,2013-11-08,2013-11-08,1,283
0101000020E6100000C3A2D8C00C642140867CE1DFB1DC4640,434,"Thales near  Vergiate,  Lombardia,  Italy","Vergiate,  Lombardia,  Italy","Vergiate,  Lombardia",Italy,2013-11-08,2013-11-08,1,284
0101000020E61000007CCAD69F695E3040038B68E0EC194840,480,"Thales near  Vienna,  Vienna,  Austria","Vienna,  Vienna,  Austria","Vienna,  Vienna",Austria,2013-11-08,2013-11-08,1,285
0101000020E6100000D79F1FA1C12113C0382BFDDF6CF54240,442,"Thales near  Villanueva de Cordoba,  Cordoba,  Spain","Villanueva de Cordoba,  Cordoba,  Spain","Villanueva de Cordoba,  Cordoba",Spain,2013-11-08,2013-11-08,1,286
0101000020E6100000FBC28602110D0FC07E1711209EFA4340,437,"Thales near  Villaseca de La Sagra,  Toledo,  Spain","Villaseca de La Sagra,  Toledo,  Spain","Villaseca de La Sagra,  Toledo",Spain,2013-11-08,2013-11-08,1,287
0101000020E610000053E5D6FF949122407607C25FDDC14640,418,"Thales near  Vimodrone (MI),  Lombardia,  Italy","Vimodrone (MI),  Lombardia,  Italy","Vimodrone (MI),  Lombardia",Italy,2013-11-08,2013-11-08,1,288
0101000020E61000008A30EAFFC1FD62406FB77FC05EEC3CC0,562,"Thales near  Wallangarra ,  Queensland,  Australia","Wallangarra ,  Queensland,  Australia","Wallangarra ,  Queensland",Australia,2013-11-08,2013-11-08,1,289
,402,"Thales near  Walldorf,  Hessen,  Germany","Walldorf,  Hessen,  Germany","Walldorf,  Hessen",Germany,2013-11-08,2013-11-08,0,290
0101000020E6100000CA7A319413EDDABFAF9CCE5F32B14940,89,"Thales near  Walton-ON-Thames,  London,  United Kingdom","Walton-ON-Thames,  London,  United Kingdom","Walton-ON-Thames,  London",United Kingdom,2013-11-08,2013-11-08,1,291
0101000020E61000003E964FA099013540FDC1D19F471D4A40,485,"Thales near  Warszawa,  Warszawa,  Poland","Warszawa,  Warszawa,  Poland","Warszawa,  Warszawa",Poland,2013-11-08,2013-11-08,1,292
0101000020E61000004164ECDFD0D86540D43A1680EBAA44C0,638,"Thales near  Wellington,  Wellington,  New Zealand","Wellington,  Wellington,  New Zealand","Wellington,  Wellington",New Zealand,2013-11-08,2013-11-08,1,293
0101000020E6100000C85A9E62302A05C06CD45460129B4940,111,"Thales near  Wells,  South West,  United Kingdom","Wells,  South West,  United Kingdom","Wells,  South West",United Kingdom,2013-11-08,2013-11-08,1,294
0101000020E6100000FC1F1620C01754C03B9B559FAB153A40,166,"Thales near  Weston,  Florida,  United States","Weston,  Florida,  United States","Weston,  Florida",United States,2013-11-08,2013-11-08,1,295
0101000020E6100000E49B6D6E4C4FB0BFAE9F0FE03EBE4940,90,"Thales near  Weybridge,  London,  United Kingdom","Weybridge,  London,  United Kingdom","Weybridge,  London",United Kingdom,2013-11-08,2013-11-08,1,296
0101000020E61000000B3CF71E2E39204092D0A79F81C24A40,395,"Thales near  Wilhelmshaven,  Niedersachsen,  Germany","Wilhelmshaven,  Niedersachsen,  Germany","Wilhelmshaven,  Niedersachsen",Germany,2013-11-08,2013-11-08,1,297
0101000020E610000041CEFBFF38FB62408C806500036740C0,582,"Thales near  Williamtown,  New South Wales,  Australia","Williamtown,  New South Wales,  Australia","Williamtown,  New South Wales",Australia,2013-11-08,2013-11-08,1,298
0101000020E6100000A837FE9F9E5C6040AD15230159DA28C0,554,"Thales near  Winnellie,  Northern Territory,  Australia","Winnellie,  Northern Territory,  Australia","Winnellie,  Northern Territory",Australia,2013-11-08,2013-11-08,1,299
0101000020E61000002B0318E04CE66240677B4F406EEA40C0,581,"Thales near  Wollstonecraft,  New South Wales,  Australia","Wollstonecraft,  New South Wales,  Australia","Wollstonecraft,  New South Wales",Australia,2013-11-08,2013-11-08,1,300
0101000020E6100000680BBE1F6D0043400650429F7E1E3840,633,"Thales near  Yanbu,  Yanbu,  Saudi Arabia","Yanbu,  Yanbu,  Saudi Arabia","Yanbu,  Yanbu",Saudi Arabia,2013-11-08,2013-11-08,1,301
0101000020E61000002D51BD35B055F1BFA7A10DC006FA4A40,92,"Thales near  York,  North East,  United Kingdom","York,  North East,  United Kingdom","York,  North East",United Kingdom,2013-11-08,2013-11-08,1,302
,642,"Thales near  Yorkshire,  Yorkshire,  United Kingdom","Yorkshire,  Yorkshire,  United Kingdom","Yorkshire,  Yorkshire",United Kingdom,2013-11-08,2013-11-08,0,303
,514,"Thales near  Zagreb,  Zagreb,  Croatia","Zagreb,  Zagreb,  Croatia","Zagreb,  Zagreb",Croatia,2013-11-08,2013-11-08,0,304
0101000020E61000009C70653F41142140E1A029E043B04740,647,"Thales near  Zurich,  Zurich,  Switzerland","Zurich,  Zurich,  Switzerland","Zurich,  Zurich",Switzerland,2013-11-08,2013-11-08,1,305
0101000020E610000098417C60C7393C40D17D4ADFB5C339C0,604,"Thales near  Nieuw Muckleneuk, Pretoria,  Gauteng,  South Africa","Nieuw Muckleneuk, Pretoria,  Gauteng,  South Africa","Nieuw Muckleneuk, Pretoria","Gauteng, South Africa",2013-11-08,2013-11-08,1,306
